mtllib MagicalHats.mtl
o Magical Hats_02 - Default_0_9_0
usemtl 02_-_Default_4
v 657.21449 -1977.27209 215.19560
v 643.06206 -1981.72512 222.16050
v 627.11453 -1985.11998 223.82836
v 611.29541 -1987.04720 219.99800
v 597.51270 -1987.27434 211.13143
v 587.42882 -1985.77399 198.29808
v 582.26002 -1982.72712 183.04585
v 582.62974 -1978.50123 167.21436
v 588.49339 -1973.60602 152.71315
v 599.14372 -1968.63193 141.29126
v 613.29614 -1964.17890 134.32635
v 629.24367 -1960.78404 132.65848
v 645.06281 -1958.85681 136.48882
v 658.84552 -1958.62967 145.35539
v 668.92941 -1960.13002 158.18874
v 674.09821 -1963.17689 173.44099
v 673.72849 -1967.40278 189.27247
v 667.86482 -1972.29800 203.77371
v 684.36016 -1947.97706 175.41297
v 677.77491 -1944.09524 155.98105
v 664.92767 -1942.18374 139.63090
v 647.36799 -1942.47312 128.33456
v 627.21383 -1944.92848 123.45456
v 606.89608 -1949.25366 125.57949
v 588.86537 -1954.92697 134.45304
v 575.29647 -1961.26415 149.00495
v 567.82596 -1967.50083 167.48003
v 567.35493 -1972.88477 187.64992
v 573.94017 -1976.76664 207.08182
v 586.78741 -1978.67814 223.43199
v 604.34708 -1978.38876 234.72833
v 624.50123 -1975.93341 239.60834
v 644.81898 -1971.60823 237.48343
v 662.84969 -1965.93491 228.60988
v 676.41860 -1959.59769 214.05799
v 683.88913 -1953.36100 195.58287
v 727.64743 -2070.31780 140.10481
v 727.01678 -2077.52612 167.10940
v 728.97454 -2088.08498 164.33665
v 729.60518 -2080.87666 137.33206
v 717.01524 -2085.87575 191.84367
v 718.97300 -2096.43461 189.07092
v 698.84901 -2094.36004 211.32594
v 700.80677 -2104.91890 208.55318
v 674.70927 -2101.95555 223.20595
v 676.66702 -2112.51441 220.43320
v 647.50762 -2107.74614 226.05081
v 649.46537 -2118.30501 223.27807
v 620.52500 -2111.03340 219.51739
v 622.48275 -2121.59226 216.74465
v 597.01590 -2111.42082 204.39372
v 598.97366 -2121.97968 201.62096
v 579.81608 -2108.86175 182.50432
v 581.77382 -2119.42061 179.73157
v 570.99939 -2103.66455 156.48779
v 572.95714 -2114.22341 153.71504
v 571.63010 -2096.45656 129.48454
v 573.58785 -2107.01543 126.71179
v 581.63169 -2088.10683 104.74988
v 583.58944 -2098.66569 101.97712
v 599.79791 -2079.62254 85.26760
v 601.75567 -2090.18140 82.49485
v 623.93765 -2072.02702 73.38758
v 625.89540 -2082.58588 70.61482
v 651.13929 -2066.23642 70.54270
v 653.09704 -2076.79528 67.76995
v 678.12193 -2062.94916 77.07610
v 680.07968 -2073.50802 74.30335
v 701.63070 -2062.56171 92.19946
v 703.58845 -2073.12058 89.42671
v 718.83132 -2065.12094 114.08998
v 720.78907 -2075.67980 111.31723
v 703.87413 -2073.36365 143.06306
v 703.43202 -2078.41697 161.99436
v 725.49608 -2075.72905 167.33726
v 726.11730 -2068.62847 140.73633
v 696.42025 -2084.27068 179.33496
v 715.64403 -2083.95388 191.70185
v 683.68457 -2090.21870 192.99325
v 697.74933 -2092.31135 210.89291
v 666.76109 -2095.54363 201.32189
v 673.97040 -2099.79333 222.59536
v 647.69102 -2099.60320 203.31632
v 647.17533 -2105.49738 225.39769
v 628.77450 -2101.90778 198.73597
v 620.59602 -2108.73550 218.96193
v 612.29313 -2102.17939 188.13332
v 597.43830 -2109.11713 204.06431
v 600.23482 -2100.38527 172.78719
v 580.49556 -2106.59631 182.50207
v 594.05397 -2096.74182 154.54856
v 571.81066 -2101.47679 156.87443
v 594.49608 -2091.68850 135.61727
v 572.43194 -2094.37654 130.27478
v 601.50783 -2085.83480 118.27671
v 582.28404 -2086.15161 105.90983
v 614.24350 -2079.88678 104.61840
v 600.17873 -2077.79413 86.71875
v 631.16698 -2074.56185 96.28975
v 623.95766 -2070.31215 75.01629
v 650.23705 -2070.50227 94.29531
v 650.75272 -2064.60810 72.21394
v 669.15358 -2068.19769 98.87564
v 677.33205 -2061.36997 78.64969
v 685.63495 -2067.92608 109.47829
v 700.48945 -2060.98832 93.54701
v 697.69327 -2069.72020 124.82442
v 717.43296 -2063.50928 115.11031
v 706.10864 -2092.85292 158.20349
v 706.55074 -2087.79960 139.27219
v 728.79392 -2083.06442 136.94546
v 728.17270 -2090.16500 163.54639
v 700.36989 -2084.15615 121.03355
v 720.10958 -2077.94523 111.31944
v 688.31157 -2082.36203 105.68742
v 703.16606 -2075.42426 89.75613
v 671.83019 -2082.63364 95.08477
v 680.00866 -2075.80592 74.85881
v 652.91366 -2084.93822 90.50444
v 653.42933 -2079.04405 68.42307
v 633.84359 -2088.99780 92.49888
v 626.63428 -2084.74810 71.22541
v 616.92012 -2094.32273 100.82753
v 602.85535 -2092.23008 82.92788
v 604.18445 -2100.27075 114.48583
v 584.96065 -2100.58756 102.11895
v 597.17270 -2106.12445 131.82639
v 575.10855 -2108.81249 126.48391
v 596.73058 -2111.17777 150.75769
v 574.48728 -2115.91274 153.08356
v 602.91143 -2114.82122 168.99632
v 583.17217 -2121.03226 178.71120
v 614.96974 -2116.61534 184.34245
v 600.11492 -2123.55308 200.27343
v 631.45111 -2116.34373 194.94510
v 623.27263 -2123.17146 215.17106
v 650.36763 -2114.03915 199.52544
v 649.85194 -2119.93333 221.60682
v 669.43770 -2109.97958 197.53101
v 676.64701 -2114.22929 218.80448
v 686.36118 -2104.65465 189.20238
v 700.42595 -2106.74730 207.10204
v 699.09686 -2098.70663 175.54408
v 718.32065 -2098.38982 187.91097
v 706.55074 -2087.79960 139.27219
v 706.10864 -2092.85292 158.20349
v 704.31148 -2083.16020 160.74879
v 704.75359 -2078.10688 141.81749
v 699.09686 -2098.70663 175.54408
v 697.29970 -2089.01391 178.08939
v 686.36118 -2104.65465 189.20238
v 684.56403 -2094.96193 191.74768
v 669.43770 -2109.97958 197.53101
v 667.64054 -2100.28686 200.07632
v 650.36763 -2114.03915 199.52544
v 648.57048 -2104.34644 202.07074
v 631.45111 -2116.34373 194.94510
v 629.65396 -2106.65101 197.49040
v 614.96974 -2116.61534 184.34245
v 613.17259 -2106.92262 186.88775
v 602.91143 -2114.82122 168.99632
v 601.11428 -2105.12850 171.54162
v 596.73058 -2111.17777 150.75769
v 594.93343 -2101.48505 153.30299
v 597.17270 -2106.12445 131.82639
v 595.37554 -2096.43173 134.37169
v 604.18445 -2100.27075 114.48583
v 602.38730 -2090.57803 117.03114
v 616.92012 -2094.32273 100.82753
v 615.12296 -2084.63001 103.37283
v 633.84359 -2088.99780 92.49888
v 632.04644 -2079.30508 95.04418
v 652.91366 -2084.93822 90.50444
v 651.11651 -2075.24550 93.04974
v 671.83019 -2082.63364 95.08477
v 670.03304 -2072.94092 97.63007
v 688.31157 -2082.36203 105.68742
v 686.51045 -2072.70951 107.98896
v 700.36989 -2084.15615 121.03355
v 698.80211 -2074.53834 123.63204
v 673.72849 -1967.40278 189.27247
v 674.09821 -1963.17689 173.44099
v 667.86482 -1972.29800 203.77371
v 657.21449 -1977.27209 215.19560
v 643.06206 -1981.72512 222.16050
v 627.11453 -1985.11998 223.82836
v 611.29541 -1987.04720 219.99800
v 597.51270 -1987.27434 211.13143
v 587.42882 -1985.77399 198.29808
v 582.26002 -1982.72712 183.04585
v 582.62974 -1978.50123 167.21436
v 588.49339 -1973.60602 152.71315
v 599.14372 -1968.63193 141.29126
v 613.29614 -1964.17890 134.32635
v 629.24367 -1960.78404 132.65848
v 645.06281 -1958.85681 136.48882
v 658.84552 -1958.62967 145.35539
v 668.92941 -1960.13002 158.18874
v 727.64743 -2070.31780 140.10481
v 726.11730 -2068.62847 140.73633
v 725.49608 -2075.72905 167.33726
v 727.01678 -2077.52612 167.10940
v 715.64403 -2083.95388 191.70185
v 717.01524 -2085.87575 191.84367
v 697.74933 -2092.31135 210.89291
v 698.84901 -2094.36004 211.32594
v 673.97040 -2099.79333 222.59536
v 674.70927 -2101.95555 223.20595
v 647.17533 -2105.49738 225.39769
v 647.50762 -2107.74614 226.05081
v 620.59602 -2108.73550 218.96193
v 620.52500 -2111.03340 219.51739
v 597.43830 -2109.11713 204.06431
v 597.01590 -2111.42082 204.39372
v 580.49556 -2106.59631 182.50207
v 579.81608 -2108.86175 182.50432
v 571.81066 -2101.47679 156.87443
v 570.99939 -2103.66455 156.48779
v 572.43194 -2094.37654 130.27478
v 571.63010 -2096.45656 129.48454
v 582.28404 -2086.15161 105.90983
v 581.63169 -2088.10683 104.74988
v 600.17873 -2077.79413 86.71875
v 599.79791 -2079.62254 85.26760
v 623.95766 -2070.31215 75.01629
v 623.93765 -2072.02702 73.38758
v 650.75272 -2064.60810 72.21394
v 651.13929 -2066.23642 70.54270
v 677.33205 -2061.36997 78.64969
v 678.12193 -2062.94916 77.07610
v 700.48945 -2060.98832 93.54701
v 701.63070 -2062.56171 92.19946
v 717.43296 -2063.50928 115.11031
v 718.83132 -2065.12094 114.08998
v 728.97454 -2088.08498 164.33665
v 728.17270 -2090.16500 163.54639
v 728.79392 -2083.06442 136.94546
v 729.60518 -2080.87666 137.33206
v 720.10958 -2077.94523 111.31944
v 720.78907 -2075.67980 111.31723
v 703.16606 -2075.42426 89.75613
v 703.58845 -2073.12058 89.42671
v 680.00866 -2075.80592 74.85881
v 680.07968 -2073.50802 74.30335
v 653.42933 -2079.04405 68.42307
v 653.09704 -2076.79528 67.76995
v 626.63428 -2084.74810 71.22541
v 625.89540 -2082.58588 70.61482
v 602.85535 -2092.23008 82.92788
v 601.75567 -2090.18140 82.49485
v 584.96065 -2100.58756 102.11895
v 583.58944 -2098.66569 101.97712
v 575.10855 -2108.81249 126.48391
v 573.58785 -2107.01543 126.71179
v 574.48728 -2115.91274 153.08356
v 572.95714 -2114.22341 153.71504
v 583.17217 -2121.03226 178.71120
v 581.77382 -2119.42061 179.73157
v 600.11492 -2123.55308 200.27343
v 598.97366 -2121.97968 201.62096
v 623.27263 -2123.17146 215.17106
v 622.48275 -2121.59226 216.74465
v 649.85194 -2119.93333 221.60682
v 649.46537 -2118.30501 223.27807
v 676.64701 -2114.22929 218.80448
v 676.66702 -2112.51441 220.43320
v 700.42595 -2106.74730 207.10204
v 700.80677 -2104.91890 208.55318
v 718.32065 -2098.38982 187.91097
v 718.97300 -2096.43461 189.07092
v 684.76499 -1953.72343 195.65388
v 685.03422 -1955.09801 195.29586
v 685.51179 -1949.63940 174.84623
v 685.24245 -1948.26612 175.20912
v 685.24245 -1948.26612 175.20912
v 685.51179 -1949.63940 174.84623
v 678.83521 -1945.70374 155.14481
v 678.56746 -1944.33140 155.51241
v 678.56746 -1944.33140 155.51241
v 678.83521 -1945.70374 155.14481
v 665.80978 -1943.76573 138.56788
v 665.54514 -1942.39385 138.93944
v 665.54514 -1942.39385 138.93944
v 665.80978 -1943.76573 138.56788
v 648.00657 -1944.05912 127.11487
v 647.74618 -1942.68717 127.48917
v 647.74618 -1942.68717 127.48917
v 648.00657 -1944.05912 127.11487
v 627.57288 -1946.54853 122.16719
v 627.31737 -1945.17599 122.54266
v 627.31737 -1945.17599 122.54266
v 627.57288 -1946.54853 122.16719
v 606.97335 -1950.93370 124.32159
v 606.72275 -1949.56011 124.69655
v 606.72275 -1949.56011 124.69655
v 606.97335 -1950.93370 124.32159
v 588.69257 -1956.68570 133.31821
v 588.44634 -1955.31074 133.69102
v 588.44634 -1955.31074 133.69102
v 588.69257 -1956.68570 133.31821
v 574.93547 -1963.11077 148.07194
v 574.69252 -1961.73427 148.44123
v 574.69252 -1961.73427 148.44123
v 574.93547 -1963.11077 148.07194
v 567.36136 -1969.43395 166.80326
v 567.12022 -1968.05594 167.16808
v 567.12022 -1968.05594 167.16808
v 567.36136 -1969.43395 166.80326
v 566.88379 -1974.89256 187.25289
v 566.64276 -1973.51325 187.61283
v 566.64276 -1973.51325 187.61283
v 566.88379 -1974.89256 187.25289
v 573.56036 -1978.82827 206.95430
v 573.31775 -1977.44801 207.30953
v 573.31775 -1977.44801 207.30953
v 573.56036 -1978.82827 206.95430
v 586.58579 -1980.76628 223.53123
v 586.34006 -1979.38556 223.88250
v 586.34006 -1979.38556 223.88250
v 586.58579 -1980.76628 223.53123
v 604.38899 -1980.47289 234.98424
v 604.13902 -1979.09224 235.33278
v 604.13902 -1979.09224 235.33278
v 604.38899 -1980.47289 234.98424
v 624.82266 -1977.98348 239.93193
v 624.56781 -1976.60343 240.27928
v 624.56781 -1976.60343 240.27928
v 624.82266 -1977.98348 239.93193
v 645.42220 -1973.59832 237.77755
v 645.16243 -1972.21931 238.12542
v 645.16243 -1972.21931 238.12542
v 645.42220 -1973.59832 237.77755
v 663.70299 -1967.84631 228.78093
v 663.43886 -1966.46868 229.13095
v 663.43886 -1966.46868 229.13095
v 663.70299 -1967.84631 228.78093
v 677.46009 -1961.42120 214.02721
v 677.19267 -1960.04510 214.38076
v 677.19267 -1960.04510 214.38076
v 677.46009 -1961.42120 214.02721
v 685.03422 -1955.09801 195.29586
v 684.76499 -1953.72343 195.65388
v 684.76499 -1953.72343 195.65388
v 685.24245 -1948.26612 175.20912
v 685.24245 -1948.26612 175.20912
v 678.56746 -1944.33140 155.51241
v 678.56746 -1944.33140 155.51241
v 665.54514 -1942.39385 138.93944
v 665.54514 -1942.39385 138.93944
v 647.74618 -1942.68717 127.48917
v 647.74618 -1942.68717 127.48917
v 627.31737 -1945.17599 122.54266
v 627.31737 -1945.17599 122.54266
v 606.72275 -1949.56011 124.69655
v 606.72275 -1949.56011 124.69655
v 588.44634 -1955.31074 133.69102
v 588.44634 -1955.31074 133.69102
v 574.69252 -1961.73427 148.44123
v 574.69252 -1961.73427 148.44123
v 567.12022 -1968.05594 167.16808
v 567.12022 -1968.05594 167.16808
v 566.64276 -1973.51325 187.61283
v 566.64276 -1973.51325 187.61283
v 573.31775 -1977.44801 207.30953
v 573.31775 -1977.44801 207.30953
v 586.34006 -1979.38556 223.88250
v 586.34006 -1979.38556 223.88250
v 604.13902 -1979.09224 235.33278
v 604.13902 -1979.09224 235.33278
v 624.56781 -1976.60343 240.27928
v 624.56781 -1976.60343 240.27928
v 645.16243 -1972.21931 238.12542
v 645.16243 -1972.21931 238.12542
v 663.43886 -1966.46868 229.13095
v 663.43886 -1966.46868 229.13095
v 677.19267 -1960.04510 214.38076
v 677.19267 -1960.04510 214.38076
v 684.76499 -1953.72343 195.65388
v 815.53403 -1950.60465 101.14371
v 801.05114 -1947.38487 108.10860
v 785.54276 -1942.35112 109.77646
v 770.87939 -1936.11059 105.94610
v 758.82965 -1929.41594 97.07953
v 750.84694 -1923.07465 84.24618
v 747.89406 -1917.85158 68.99395
v 750.32720 -1914.37672 53.16247
v 757.85288 -1913.06917 38.66124
v 769.56337 -1914.08664 27.23936
v 784.04625 -1917.30642 20.27445
v 799.55463 -1922.34015 18.60658
v 814.21802 -1928.58069 22.43692
v 826.26775 -1935.27535 31.30351
v 834.25048 -1941.61663 44.13685
v 837.20336 -1946.83971 59.38909
v 834.77023 -1950.31457 75.22058
v 827.24453 -1951.62212 89.72182
v 853.69037 -1938.80723 61.36108
v 849.92830 -1932.15285 41.92916
v 839.75802 -1924.07382 25.57900
v 824.40622 -1915.54459 14.28266
v 805.72453 -1907.59390 9.40265
v 785.96625 -1901.18075 11.52759
v 767.51456 -1897.07863 20.40113
v 752.59495 -1895.78233 34.95304
v 743.00696 -1897.44819 53.42812
v 739.90706 -1901.87532 73.59802
v 743.66910 -1908.52974 93.02991
v 753.83938 -1916.60876 109.38009
v 769.19118 -1925.13799 120.67643
v 787.87285 -1933.08868 125.55644
v 807.63112 -1939.50184 123.43153
v 826.08284 -1943.60396 114.55799
v 841.00247 -1944.90023 100.00609
v 850.59048 -1943.23435 81.53098
v 830.00788 -2066.40105 26.05292
v 825.85756 -2072.32832 53.05750
v 822.27360 -2082.45144 50.28475
v 826.42392 -2076.52417 23.28016
v 813.02116 -2074.55854 77.79177
v 809.43721 -2084.68166 75.01902
v 793.04660 -2072.82303 97.27404
v 789.46264 -2082.94615 94.50128
v 768.34322 -2067.33106 109.15404
v 764.75925 -2077.45418 106.38129
v 741.89061 -2058.74504 111.99890
v 738.30664 -2068.86815 109.22615
v 716.87935 -2048.10057 105.46548
v 713.29538 -2058.22369 102.69273
v 696.32618 -2036.68153 90.34180
v 692.74221 -2046.80465 87.56905
v 682.71024 -2025.86539 68.45240
v 679.12627 -2035.98851 65.67965
v 677.67337 -2016.95614 42.43587
v 674.08940 -2027.07925 39.66311
v 681.82358 -2011.02919 15.43263
v 678.23961 -2021.15231 12.65987
v 694.66008 -2008.79891 -9.30203
v 691.07611 -2018.92202 -12.07481
v 714.63464 -2010.53441 -28.78431
v 711.05067 -2020.65752 -31.55707
v 739.33802 -2016.02637 -40.66434
v 735.75405 -2026.14949 -43.43708
v 765.79062 -2024.61239 -43.50920
v 762.20665 -2034.73550 -46.28197
v 790.80189 -2035.25686 -36.97580
v 787.21792 -2045.37998 -39.74855
v 811.35479 -2046.67572 -21.85243
v 807.77082 -2056.79883 -24.62518
v 824.97135 -2057.49238 0.03808
v 821.38738 -2067.61550 -2.73467
v 807.89669 -2057.15218 29.01116
v 804.98714 -2061.30743 47.94245
v 825.43914 -2070.01166 53.28536
v 829.52742 -2064.17300 26.68444
v 795.98792 -2062.87101 65.28306
v 812.79460 -2072.20855 77.64994
v 781.98448 -2061.65431 78.94134
v 793.11860 -2070.49898 96.84101
v 764.66586 -2057.80408 87.26998
v 768.78444 -2065.08910 108.54345
v 746.12091 -2051.78474 89.26441
v 742.72722 -2056.63141 111.34578
v 728.58644 -2044.32230 84.68406
v 718.08980 -2046.14604 104.91001
v 714.17737 -2036.31683 74.08141
v 697.84383 -2034.89768 90.01239
v 704.63163 -2028.73392 58.73528
v 684.43141 -2024.24320 68.45016
v 701.10058 -2022.48817 40.49665
v 679.46983 -2015.46712 42.82252
v 704.01013 -2018.33292 21.56535
v 683.55800 -2009.62876 16.22287
v 713.00934 -2016.76935 4.22479
v 696.20264 -2007.43182 -8.14208
v 727.01275 -2017.98605 -9.43350
v 715.87864 -2009.14137 -27.33316
v 744.33138 -2021.83627 -17.76215
v 740.21278 -2014.55125 -39.03562
v 762.87633 -2027.85560 -19.75659
v 766.27000 -2023.00893 -41.83797
v 780.41081 -2035.31805 -15.17627
v 790.90743 -2033.49430 -35.40221
v 794.81989 -2043.32352 -4.57360
v 811.15315 -2044.74249 -20.50489
v 804.36564 -2050.90643 10.77251
v 824.56616 -2055.39747 1.05842
v 800.08719 -2075.14764 44.15158
v 802.99672 -2070.99238 25.22028
v 824.62747 -2078.01320 22.89356
v 820.53918 -2083.85187 49.49449
v 799.46568 -2064.74664 6.98165
v 819.66621 -2069.23768 -2.73246
v 789.91993 -2057.16372 -8.36448
v 806.25319 -2058.58269 -24.29577
v 775.51085 -2049.15825 -18.96713
v 786.00747 -2047.33451 -39.19309
v 757.97637 -2041.69580 -23.54747
v 761.37004 -2036.84914 -45.62883
v 739.43142 -2035.67647 -21.55303
v 735.31283 -2028.39145 -42.82650
v 722.11279 -2031.82625 -13.22438
v 710.97868 -2022.98158 -31.12404
v 708.10938 -2030.60956 0.43392
v 691.30269 -2021.27202 -11.93296
v 699.11017 -2032.17313 17.77447
v 678.65804 -2023.46896 12.43199
v 696.20063 -2036.32838 36.70577
v 674.56987 -2029.30733 39.03164
v 699.73167 -2042.57412 54.94441
v 679.53145 -2038.08341 64.65928
v 709.27740 -2050.15704 70.29053
v 692.94388 -2048.73789 86.22151
v 723.68649 -2058.16250 80.89318
v 713.18984 -2059.98625 101.11914
v 741.22095 -2065.62495 85.47353
v 737.82726 -2070.47161 107.55492
v 759.76590 -2071.64429 83.47910
v 763.88449 -2078.92930 104.75258
v 777.08453 -2075.49451 75.15047
v 788.21864 -2084.33919 93.05014
v 791.08796 -2076.71121 61.49219
v 807.89464 -2086.04875 73.85907
v 802.99672 -2070.99238 25.22028
v 800.08719 -2075.14764 44.15158
v 803.37716 -2065.85493 46.69689
v 806.28671 -2061.69966 27.76559
v 791.08796 -2076.71121 61.49219
v 794.37794 -2067.41849 64.03748
v 777.08453 -2075.49451 75.15047
v 780.37450 -2066.20179 77.69578
v 759.76590 -2071.64429 83.47910
v 763.05588 -2062.35157 86.02440
v 741.22095 -2065.62495 85.47353
v 744.51092 -2056.33223 88.01883
v 723.68649 -2058.16250 80.89318
v 726.97646 -2048.86978 83.43849
v 709.27740 -2050.15704 70.29053
v 712.56738 -2040.86432 72.83584
v 699.73167 -2042.57412 54.94441
v 703.02164 -2033.28141 57.48971
v 696.20063 -2036.32838 36.70577
v 699.49060 -2027.03566 39.25107
v 699.11017 -2032.17313 17.77447
v 702.40015 -2022.88041 20.31978
v 708.10938 -2030.60956 0.43392
v 711.39935 -2021.31684 2.97923
v 722.11279 -2031.82625 -13.22438
v 725.40277 -2022.53354 -10.67908
v 739.43142 -2035.67647 -21.55303
v 742.72140 -2026.38375 -19.00772
v 757.97637 -2041.69580 -23.54747
v 761.26635 -2032.40309 -21.00217
v 775.51085 -2049.15825 -18.96713
v 778.80082 -2039.86554 -16.42182
v 789.91993 -2057.16372 -8.36448
v 793.18638 -2047.90383 -6.06295
v 799.46568 -2064.74664 6.98165
v 802.91684 -2055.63348 9.58014
v 834.77023 -1950.31457 75.22058
v 837.20336 -1946.83971 59.38909
v 827.24453 -1951.62212 89.72182
v 815.53403 -1950.60465 101.14371
v 801.05114 -1947.38487 108.10860
v 785.54276 -1942.35112 109.77646
v 770.87939 -1936.11059 105.94610
v 758.82965 -1929.41594 97.07953
v 750.84694 -1923.07465 84.24618
v 747.89406 -1917.85158 68.99395
v 750.32720 -1914.37672 53.16247
v 757.85288 -1913.06917 38.66124
v 769.56337 -1914.08664 27.23936
v 784.04625 -1917.30642 20.27445
v 799.55463 -1922.34015 18.60658
v 814.21802 -1928.58069 22.43692
v 826.26775 -1935.27535 31.30351
v 834.25048 -1941.61663 44.13685
v 830.00788 -2066.40105 26.05292
v 829.52742 -2064.17300 26.68444
v 825.43914 -2070.01166 53.28536
v 825.85756 -2072.32832 53.05750
v 812.79460 -2072.20855 77.64994
v 813.02116 -2074.55854 77.79177
v 793.11860 -2070.49898 96.84101
v 793.04660 -2072.82303 97.27404
v 768.78444 -2065.08910 108.54345
v 768.34322 -2067.33106 109.15404
v 742.72722 -2056.63141 111.34578
v 741.89061 -2058.74504 111.99890
v 718.08980 -2046.14604 104.91001
v 716.87935 -2048.10057 105.46548
v 697.84383 -2034.89768 90.01239
v 696.32618 -2036.68153 90.34180
v 684.43141 -2024.24320 68.45016
v 682.71024 -2025.86539 68.45240
v 679.46983 -2015.46712 42.82252
v 677.67337 -2016.95614 42.43587
v 683.55800 -2009.62876 16.22287
v 681.82358 -2011.02919 15.43263
v 696.20264 -2007.43182 -8.14208
v 694.66008 -2008.79891 -9.30203
v 715.87864 -2009.14137 -27.33316
v 714.63464 -2010.53441 -28.78431
v 740.21278 -2014.55125 -39.03562
v 739.33802 -2016.02637 -40.66434
v 766.27000 -2023.00893 -41.83797
v 765.79062 -2024.61239 -43.50920
v 790.90743 -2033.49430 -35.40221
v 790.80189 -2035.25686 -36.97580
v 811.15315 -2044.74249 -20.50489
v 811.35479 -2046.67572 -21.85243
v 824.56616 -2055.39747 1.05842
v 824.97135 -2057.49238 0.03808
v 822.27360 -2082.45144 50.28475
v 820.53918 -2083.85187 49.49449
v 824.62747 -2078.01320 22.89356
v 826.42392 -2076.52417 23.28016
v 819.66621 -2069.23768 -2.73246
v 821.38738 -2067.61550 -2.73467
v 806.25319 -2058.58269 -24.29577
v 807.77082 -2056.79883 -24.62518
v 786.00747 -2047.33451 -39.19309
v 787.21792 -2045.37998 -39.74855
v 761.37004 -2036.84914 -45.62883
v 762.20665 -2034.73550 -46.28197
v 735.31283 -2028.39145 -42.82650
v 735.75405 -2026.14949 -43.43708
v 710.97868 -2022.98158 -31.12404
v 711.05067 -2020.65752 -31.55707
v 691.30269 -2021.27202 -11.93296
v 691.07611 -2018.92202 -12.07481
v 678.65804 -2023.46896 12.43199
v 678.23961 -2021.15231 12.65987
v 674.56987 -2029.30733 39.03164
v 674.08940 -2027.07925 39.66311
v 679.53145 -2038.08341 64.65928
v 679.12627 -2035.98851 65.67965
v 692.94388 -2048.73789 86.22151
v 692.74221 -2046.80465 87.56905
v 713.18984 -2059.98625 101.11914
v 713.29538 -2058.22369 102.69273
v 737.82726 -2070.47161 107.55492
v 738.30664 -2068.86815 109.22615
v 763.88449 -2078.92930 104.75258
v 764.75925 -2077.45418 106.38129
v 788.21864 -2084.33919 93.05014
v 789.46264 -2082.94615 94.50128
v 807.89464 -2086.04875 73.85907
v 809.43721 -2084.68166 75.01902
v 851.16779 -1943.98615 81.60199
v 850.71365 -1945.31120 81.24397
v 853.85656 -1940.82268 60.79434
v 854.30993 -1939.49871 61.15724
v 854.30993 -1939.49871 61.15724
v 853.85656 -1940.82268 60.79434
v 850.04230 -1934.07601 41.09293
v 850.49660 -1932.75365 41.46052
v 850.49660 -1932.75365 41.46052
v 850.04230 -1934.07601 41.09293
v 839.73096 -1925.88493 24.51599
v 840.18772 -1924.56452 24.88756
v 840.18772 -1924.56452 24.88756
v 839.73096 -1925.88493 24.51599
v 824.16623 -1917.23741 13.06298
v 824.62671 -1915.91906 13.43728
v 824.62671 -1915.91906 13.43728
v 824.16623 -1917.23741 13.06298
v 805.22545 -1909.17645 8.11529
v 805.69044 -1907.86003 8.49078
v 805.69044 -1907.86003 8.49078
v 805.22545 -1909.17645 8.11529
v 785.19315 -1902.67435 10.26970
v 785.66292 -1901.35948 10.64466
v 785.66292 -1901.35948 10.64466
v 785.19315 -1902.67435 10.26970
v 766.48553 -1898.51533 19.26630
v 766.95977 -1897.20146 19.63913
v 766.95977 -1897.20146 19.63913
v 766.48553 -1898.51533 19.26630
v 751.35900 -1897.20106 34.02004
v 751.83685 -1895.88749 34.38933
v 751.83685 -1895.88749 34.38933
v 751.35900 -1897.20106 34.02004
v 741.63804 -1898.89003 52.75136
v 742.11821 -1897.57607 53.11618
v 742.11821 -1897.57607 53.11618
v 741.63804 -1898.89003 52.75136
v 738.49514 -1903.37854 73.20099
v 738.97606 -1902.06350 73.56093
v 738.97606 -1902.06350 73.56093
v 738.49514 -1903.37854 73.20099
v 742.30936 -1910.12525 92.90239
v 742.78938 -1908.80860 93.25763
v 742.78938 -1908.80860 93.25763
v 742.30936 -1910.12525 92.90239
v 752.62070 -1918.31634 109.47933
v 753.09826 -1916.99774 109.83060
v 753.09826 -1916.99774 109.83060
v 752.62070 -1918.31634 109.47933
v 768.18541 -1926.96385 120.93233
v 768.65926 -1925.64319 121.28087
v 768.65926 -1925.64319 121.28087
v 768.18541 -1926.96385 120.93233
v 787.12619 -1935.02481 125.88003
v 787.59550 -1933.70222 126.22739
v 787.59550 -1933.70222 126.22739
v 787.12619 -1935.02481 125.88003
v 807.15848 -1941.52692 123.72565
v 807.62303 -1940.20278 124.07353
v 807.62303 -1940.20278 124.07353
v 807.15848 -1941.52692 123.72565
v 825.86613 -1945.68594 114.72905
v 826.32619 -1944.36080 115.07906
v 826.32619 -1944.36080 115.07906
v 825.86613 -1945.68594 114.72905
v 840.99267 -1947.00018 99.97532
v 841.44911 -1945.67473 100.32886
v 841.44911 -1945.67473 100.32886
v 840.99267 -1947.00018 99.97532
v 850.71365 -1945.31120 81.24397
v 851.16779 -1943.98615 81.60199
v 851.16779 -1943.98615 81.60199
v 854.30993 -1939.49871 61.15724
v 854.30993 -1939.49871 61.15724
v 850.49660 -1932.75365 41.46052
v 850.49660 -1932.75365 41.46052
v 840.18772 -1924.56452 24.88756
v 840.18772 -1924.56452 24.88756
v 824.62671 -1915.91906 13.43728
v 824.62671 -1915.91906 13.43728
v 805.69044 -1907.86003 8.49078
v 805.69044 -1907.86003 8.49078
v 785.66292 -1901.35948 10.64466
v 785.66292 -1901.35948 10.64466
v 766.95977 -1897.20146 19.63913
v 766.95977 -1897.20146 19.63913
v 751.83685 -1895.88749 34.38933
v 751.83685 -1895.88749 34.38933
v 742.11821 -1897.57607 53.11618
v 742.11821 -1897.57607 53.11618
v 738.97606 -1902.06350 73.56093
v 738.97606 -1902.06350 73.56093
v 742.78938 -1908.80860 93.25763
v 742.78938 -1908.80860 93.25763
v 753.09826 -1916.99774 109.83060
v 753.09826 -1916.99774 109.83060
v 768.65926 -1925.64319 121.28087
v 768.65926 -1925.64319 121.28087
v 787.59550 -1933.70222 126.22739
v 787.59550 -1933.70222 126.22739
v 807.62303 -1940.20278 124.07353
v 807.62303 -1940.20278 124.07353
v 826.32619 -1944.36080 115.07906
v 826.32619 -1944.36080 115.07906
v 841.44911 -1945.67473 100.32886
v 841.44911 -1945.67473 100.32886
v 851.16779 -1943.98615 81.60199
v 666.57678 -1845.20111 -25.37913
v 652.09010 -1845.16018 -17.71329
v 635.90738 -1846.26068 -15.35983
v 619.98048 -1848.36992 -18.60260
v 606.23042 -1851.23346 -27.05048
v 596.31568 -1854.50593 -39.68454
v 591.43210 -1857.79263 -54.98090
v 592.16872 -1860.69712 -71.09463
v 598.43669 -1862.86909 -86.08214
v 609.48001 -1864.04654 -98.13574
v 623.96668 -1864.08748 -105.80158
v 640.14941 -1862.98698 -108.15506
v 656.07632 -1860.87775 -104.91231
v 669.82637 -1858.01419 -96.46443
v 679.74113 -1854.74172 -83.83037
v 684.62472 -1851.45503 -68.53400
v 683.88810 -1848.55055 -52.42027
v 677.62010 -1846.37858 -37.43272
v 696.17237 -1837.70893 -72.76806
v 689.95050 -1841.89629 -92.25621
v 677.31874 -1846.06554 -108.35245
v 659.80065 -1849.71381 -119.11535
v 639.50919 -1852.40105 -123.24676
v 618.89180 -1853.80314 -120.24835
v 600.43524 -1853.75098 -110.48180
v 586.36565 -1852.25085 -95.12506
v 578.38001 -1849.48368 -76.03040
v 577.44154 -1845.78326 -55.50092
v 583.66341 -1841.59592 -36.01279
v 596.29516 -1837.42667 -19.91652
v 613.81323 -1833.77841 -9.15361
v 634.10468 -1831.09116 -5.02220
v 654.72208 -1829.68907 -8.02061
v 673.17865 -1829.74124 -17.78716
v 687.24823 -1831.24132 -33.14390
v 695.23389 -1834.00849 -52.23858
v 728.63219 -1966.50650 -51.66706
v 727.37571 -1961.55216 -24.18103
v 728.40575 -1972.41178 -22.17650
v 729.66222 -1977.36613 -49.66253
v 716.68451 -1957.84752 1.38271
v 717.71455 -1968.70714 3.38725
v 697.84796 -1955.83913 21.94249
v 698.87800 -1966.69875 23.94701
v 673.13809 -1955.76929 35.01807
v 674.16812 -1966.62891 37.02260
v 645.53527 -1957.64643 39.03236
v 646.56531 -1968.50605 41.03690
v 618.36882 -1961.24413 33.50118
v 619.39886 -1972.10376 35.50572
v 594.91541 -1966.12847 19.09166
v 595.94545 -1976.98810 21.09619
v 578.00408 -1971.71023 -2.45778
v 579.03410 -1982.56984 -0.45326
v 569.67390 -1977.31651 -28.54961
v 570.70393 -1988.17613 -26.54507
v 570.93042 -1982.27060 -56.03426
v 571.96045 -1993.13022 -54.02973
v 581.62168 -1985.97531 -81.59840
v 582.65171 -1996.83493 -79.59387
v 600.45821 -1987.98370 -102.15819
v 601.48825 -1998.84332 -100.15366
v 625.16808 -1988.05355 -115.23378
v 626.19811 -1998.91317 -113.22927
v 652.77089 -1986.17641 -119.24808
v 653.80092 -1997.03603 -117.24357
v 679.93735 -1982.57870 -113.71693
v 680.96739 -1993.43833 -111.71239
v 703.39044 -1977.69445 -99.30772
v 704.42047 -1988.55407 -97.30319
v 720.30256 -1972.11241 -77.75716
v 721.33259 -1982.97204 -75.75263
v 704.68389 -1966.12840 -48.57929
v 703.80305 -1962.65521 -29.31049
v 726.01742 -1959.71324 -24.78712
v 727.25512 -1964.59352 -51.86228
v 696.30778 -1960.05797 -11.38837
v 715.48602 -1956.06396 0.39454
v 683.10216 -1958.64996 3.02533
v 696.93102 -1954.08559 20.64701
v 665.77898 -1958.60100 12.19214
v 672.59048 -1954.01680 33.52716
v 646.42767 -1959.91699 15.00642
v 645.40024 -1955.86588 37.48144
v 627.38227 -1962.43922 11.12870
v 618.63985 -1959.40982 32.03294
v 610.93995 -1965.86344 1.02672
v 595.53699 -1964.22115 17.83880
v 599.08389 -1969.77667 -14.08109
v 578.87842 -1969.71947 -3.38857
v 593.24411 -1973.70691 -32.37249
v 570.67276 -1975.24195 -29.09036
v 594.12495 -1977.18009 -51.64129
v 571.91049 -1980.12200 -56.16423
v 601.62021 -1979.77732 -69.56338
v 582.44195 -1983.77133 -81.34627
v 614.82581 -1981.18534 -83.97708
v 600.99694 -1985.74971 -101.59875
v 632.14898 -1981.23431 -93.14390
v 625.33747 -1985.81851 -114.47890
v 651.50029 -1979.91831 -95.95817
v 652.52770 -1983.96943 -118.43320
v 670.54570 -1977.39610 -92.08048
v 679.28812 -1980.42550 -112.98472
v 686.98803 -1973.97186 -81.97851
v 702.39066 -1975.61425 -98.79088
v 698.84410 -1970.05863 -66.87070
v 719.04998 -1970.11565 -77.56245
v 705.21130 -1977.50236 -26.56992
v 706.09214 -1980.97555 -45.83872
v 728.66338 -1979.44067 -49.12171
v 727.42567 -1974.56038 -22.04656
v 700.25235 -1984.90579 -64.13012
v 720.45824 -1984.96280 -74.82189
v 688.39628 -1988.81901 -79.23793
v 703.79891 -1990.46140 -96.05030
v 671.95395 -1992.24324 -89.33992
v 680.69637 -1995.27264 -110.24415
v 652.90855 -1994.76546 -93.21762
v 653.93596 -1998.81658 -115.69265
v 633.55723 -1996.08145 -90.40334
v 626.74573 -2000.66565 -111.73835
v 616.23406 -1996.03249 -81.23651
v 602.40519 -2000.59686 -98.85818
v 603.02846 -1994.62448 -66.82280
v 583.85021 -1998.61848 -78.60571
v 595.53320 -1992.02724 -48.90072
v 573.31874 -1994.96915 -53.42366
v 594.65235 -1988.55405 -29.63192
v 572.08101 -1990.08911 -26.34979
v 600.49214 -1984.62382 -11.34052
v 580.28667 -1984.56662 -0.64800
v 612.34820 -1980.71060 3.76729
v 596.94525 -1979.06829 20.57937
v 628.79052 -1977.28636 13.86927
v 620.04809 -1974.25696 34.77351
v 647.83592 -1974.76414 17.74697
v 646.80849 -1970.71302 40.22202
v 667.18723 -1973.44815 14.93272
v 673.99873 -1968.86395 36.26773
v 684.51041 -1973.49711 5.76590
v 698.33927 -1968.93274 23.38759
v 697.71602 -1974.90512 -8.64780
v 716.89428 -1970.91111 3.13511
v 706.09214 -1980.97555 -45.83872
v 705.21130 -1977.50236 -26.56992
v 704.26576 -1967.53355 -28.41001
v 705.14660 -1971.00674 -47.67881
v 697.71602 -1974.90512 -8.64780
v 696.77049 -1964.93631 -10.48789
v 684.51041 -1973.49711 5.76590
v 683.56487 -1963.52830 3.92581
v 667.18723 -1973.44815 14.93272
v 666.24169 -1963.47934 13.09262
v 647.83592 -1974.76414 17.74697
v 646.89038 -1964.79534 15.90688
v 628.79052 -1977.28636 13.86927
v 627.84498 -1967.31756 12.02918
v 612.34820 -1980.71060 3.76729
v 611.40266 -1970.74178 1.92720
v 600.49214 -1984.62382 -11.34052
v 599.54660 -1974.65501 -13.18061
v 594.65235 -1988.55405 -29.63192
v 593.70682 -1978.58524 -31.47203
v 595.53320 -1992.02724 -48.90072
v 594.58767 -1982.05844 -50.74081
v 603.02846 -1994.62448 -66.82280
v 602.08292 -1984.65567 -68.66290
v 616.23406 -1996.03249 -81.23651
v 615.28852 -1986.06368 -83.07660
v 633.55723 -1996.08145 -90.40334
v 632.61169 -1986.11264 -92.24343
v 652.90855 -1994.76546 -93.21762
v 651.96301 -1984.79665 -95.05771
v 671.95395 -1992.24324 -89.33992
v 671.00841 -1982.27443 -91.18001
v 688.39628 -1988.81901 -79.23793
v 687.44329 -1978.98920 -81.28218
v 700.25235 -1984.90579 -64.13012
v 699.52878 -1975.00025 -65.88204
v 683.88810 -1848.55055 -52.42027
v 684.62472 -1851.45503 -68.53400
v 677.62010 -1846.37858 -37.43272
v 666.57678 -1845.20111 -25.37913
v 652.09010 -1845.16018 -17.71329
v 635.90738 -1846.26068 -15.35983
v 619.98048 -1848.36992 -18.60260
v 606.23042 -1851.23346 -27.05048
v 596.31568 -1854.50593 -39.68454
v 591.43210 -1857.79263 -54.98090
v 592.16872 -1860.69712 -71.09463
v 598.43669 -1862.86909 -86.08214
v 609.48001 -1864.04654 -98.13574
v 623.96668 -1864.08748 -105.80158
v 640.14941 -1862.98698 -108.15506
v 656.07632 -1860.87775 -104.91231
v 669.82637 -1858.01419 -96.46443
v 679.74113 -1854.74172 -83.83037
v 728.63219 -1966.50650 -51.66706
v 727.25512 -1964.59352 -51.86228
v 726.01742 -1959.71324 -24.78712
v 727.37571 -1961.55216 -24.18103
v 715.48602 -1956.06396 0.39454
v 716.68451 -1957.84752 1.38271
v 696.93102 -1954.08559 20.64701
v 697.84796 -1955.83913 21.94249
v 672.59048 -1954.01680 33.52716
v 673.13809 -1955.76929 35.01807
v 645.40024 -1955.86588 37.48144
v 645.53527 -1957.64643 39.03236
v 618.63985 -1959.40982 32.03294
v 618.36882 -1961.24413 33.50118
v 595.53699 -1964.22115 17.83880
v 594.91541 -1966.12847 19.09166
v 578.87842 -1969.71947 -3.38857
v 578.00408 -1971.71023 -2.45778
v 570.67276 -1975.24195 -29.09036
v 569.67390 -1977.31651 -28.54961
v 571.91049 -1980.12200 -56.16423
v 570.93042 -1982.27060 -56.03426
v 582.44195 -1983.77133 -81.34627
v 581.62168 -1985.97531 -81.59840
v 600.99694 -1985.74971 -101.59875
v 600.45821 -1987.98370 -102.15819
v 625.33747 -1985.81851 -114.47890
v 625.16808 -1988.05355 -115.23378
v 652.52770 -1983.96943 -118.43320
v 652.77089 -1986.17641 -119.24808
v 679.28812 -1980.42550 -112.98472
v 679.93735 -1982.57870 -113.71693
v 702.39066 -1975.61425 -98.79088
v 703.39044 -1977.69445 -99.30772
v 719.04998 -1970.11565 -77.56245
v 720.30256 -1972.11241 -77.75716
v 728.40575 -1972.41178 -22.17650
v 727.42567 -1974.56038 -22.04656
v 728.66338 -1979.44067 -49.12171
v 729.66222 -1977.36613 -49.66253
v 720.45824 -1984.96280 -74.82189
v 721.33259 -1982.97204 -75.75263
v 703.79891 -1990.46140 -96.05030
v 704.42047 -1988.55407 -97.30319
v 680.69637 -1995.27264 -110.24415
v 680.96739 -1993.43833 -111.71239
v 653.93596 -1998.81658 -115.69265
v 653.80092 -1997.03603 -117.24357
v 626.74573 -2000.66565 -111.73835
v 626.19811 -1998.91317 -113.22927
v 602.40519 -2000.59686 -98.85818
v 601.48825 -1998.84332 -100.15366
v 583.85021 -1998.61848 -78.60571
v 582.65171 -1996.83493 -79.59387
v 573.31874 -1994.96915 -53.42366
v 571.96045 -1993.13022 -54.02973
v 572.08101 -1990.08911 -26.34979
v 570.70393 -1988.17613 -26.54507
v 580.28667 -1984.56662 -0.64800
v 579.03410 -1982.56984 -0.45326
v 596.94525 -1979.06829 20.57937
v 595.94545 -1976.98810 21.09619
v 620.04809 -1974.25696 34.77351
v 619.39886 -1972.10376 35.50572
v 646.80849 -1970.71302 40.22202
v 646.56531 -1968.50605 41.03690
v 673.99873 -1968.86395 36.26773
v 674.16812 -1966.62891 37.02260
v 698.33927 -1968.93274 23.38759
v 698.87800 -1966.69875 23.94701
v 716.89428 -1970.91111 3.13511
v 717.71455 -1968.70714 3.38725
v 696.07484 -1834.37489 -51.98938
v 696.22324 -1835.78852 -51.72524
v 697.17473 -1839.54026 -72.53943
v 697.02610 -1838.12574 -72.79861
v 697.02610 -1838.12574 -72.79861
v 697.17473 -1839.54026 -72.53943
v 690.86657 -1843.78570 -92.29785
v 690.71944 -1842.37017 -92.55233
v 690.71944 -1842.37017 -92.55233
v 690.86657 -1843.78570 -92.29785
v 678.05962 -1848.01278 -108.61736
v 677.91555 -1846.59624 -108.86790
v 677.91555 -1846.59624 -108.86790
v 678.05962 -1848.01278 -108.61736
v 660.29857 -1851.71165 -119.52953
v 660.15875 -1850.29421 -119.77752
v 660.15875 -1850.29421 -119.77752
v 660.29857 -1851.71165 -119.52953
v 639.72568 -1854.43615 -123.71822
v 639.59077 -1853.01808 -123.96520
v 639.59077 -1853.01808 -123.96520
v 639.72568 -1854.43615 -123.71822
v 618.82235 -1855.85769 -120.67824
v 618.69242 -1854.43928 -120.92594
v 618.69242 -1854.43928 -120.92594
v 618.82235 -1855.85769 -120.67824
v 600.10980 -1855.80481 -110.77621
v 599.98435 -1854.38640 -111.02627
v 599.98435 -1854.38640 -111.02627
v 600.10980 -1855.80481 -110.77621
v 585.84508 -1854.28386 -95.20650
v 585.72304 -1852.86582 -95.46027
v 585.72304 -1852.86582 -95.46027
v 585.84508 -1854.28386 -95.20650
v 577.74870 -1851.47833 -75.84700
v 577.62858 -1850.06095 -76.10542
v 577.62858 -1850.06095 -76.10542
v 577.74870 -1851.47833 -75.84700
v 576.79720 -1847.72657 -55.03280
v 576.67730 -1846.31010 -55.29618
v 576.67730 -1846.31010 -55.29618
v 576.79720 -1847.72657 -55.03280
v 583.10536 -1843.48118 -35.27438
v 582.98396 -1842.06570 -35.54247
v 582.98396 -1842.06570 -35.54247
v 583.10536 -1843.48118 -35.27438
v 595.91231 -1839.25410 -18.95488
v 595.78786 -1837.83964 -19.22686
v 595.78786 -1837.83964 -19.22686
v 595.91231 -1839.25410 -18.95488
v 613.67334 -1835.55524 -8.04269
v 613.54465 -1834.14166 -8.31730
v 613.54465 -1834.14166 -8.31730
v 613.67334 -1835.55524 -8.04269
v 634.24622 -1832.83074 -3.85401
v 634.11261 -1831.41781 -4.12959
v 634.11261 -1831.41781 -4.12959
v 634.24622 -1832.83074 -3.85401
v 655.14956 -1831.40919 -6.89398
v 655.01097 -1829.99660 -7.16884
v 655.01097 -1829.99660 -7.16884
v 655.14956 -1831.40919 -6.89398
v 673.86211 -1831.46207 -16.79598
v 673.71904 -1830.04947 -17.06849
v 673.71904 -1830.04947 -17.06849
v 673.86211 -1831.46207 -16.79598
v 688.12683 -1832.98297 -32.36570
v 687.98036 -1831.57001 -32.63449
v 687.98036 -1831.57001 -32.63449
v 688.12683 -1832.98297 -32.36570
v 696.22324 -1835.78852 -51.72524
v 696.07484 -1834.37489 -51.98938
v 696.07484 -1834.37489 -51.98938
v 697.02610 -1838.12574 -72.79861
v 697.02610 -1838.12574 -72.79861
v 690.71944 -1842.37017 -92.55233
v 690.71944 -1842.37017 -92.55233
v 677.91555 -1846.59624 -108.86790
v 677.91555 -1846.59624 -108.86790
v 660.15875 -1850.29421 -119.77752
v 660.15875 -1850.29421 -119.77752
v 639.59077 -1853.01808 -123.96520
v 639.59077 -1853.01808 -123.96520
v 618.69242 -1854.43928 -120.92594
v 618.69242 -1854.43928 -120.92594
v 599.98435 -1854.38640 -111.02627
v 599.98435 -1854.38640 -111.02627
v 585.72304 -1852.86582 -95.46027
v 585.72304 -1852.86582 -95.46027
v 577.62858 -1850.06095 -76.10542
v 577.62858 -1850.06095 -76.10542
v 576.67730 -1846.31010 -55.29618
v 576.67730 -1846.31010 -55.29618
v 582.98396 -1842.06570 -35.54247
v 582.98396 -1842.06570 -35.54247
v 595.78786 -1837.83964 -19.22686
v 595.78786 -1837.83964 -19.22686
v 613.54465 -1834.14166 -8.31730
v 613.54465 -1834.14166 -8.31730
v 634.11261 -1831.41781 -4.12959
v 634.11261 -1831.41781 -4.12959
v 655.01097 -1829.99660 -7.16884
v 655.01097 -1829.99660 -7.16884
v 673.71904 -1830.04947 -17.06849
v 673.71904 -1830.04947 -17.06849
v 687.98036 -1831.57001 -32.63449
v 687.98036 -1831.57001 -32.63449
v 696.07484 -1834.37489 -51.98938
v 862.47692 -1805.30026 -83.96864
v 849.36483 -1799.14081 -76.30282
v 834.23320 -1793.29911 -73.94933
v 818.90713 -1788.47973 -77.19210
v 805.23516 -1785.26396 -85.63997
v 794.86634 -1784.03967 -98.27403
v 789.05129 -1784.95455 -113.57038
v 788.49141 -1787.89822 -129.68411
v 793.25421 -1792.51564 -144.67166
v 802.76523 -1798.24989 -156.72523
v 815.87731 -1804.40932 -164.39109
v 831.00893 -1810.25105 -166.74455
v 846.33502 -1815.07044 -163.50181
v 860.00699 -1818.28620 -155.05394
v 870.37583 -1819.51048 -142.41988
v 876.19087 -1818.59562 -127.12349
v 876.75076 -1815.65194 -111.00979
v 871.98794 -1811.03451 -96.02225
v 892.46596 -1811.01766 -131.35760
v 885.05737 -1812.18325 -150.84570
v 871.84709 -1810.62346 -166.94194
v 854.42849 -1806.52644 -177.70486
v 834.90251 -1800.38637 -181.83628
v 815.62426 -1792.94382 -178.83784
v 798.91899 -1785.09647 -169.07126
v 786.80160 -1777.79081 -153.71455
v 780.73360 -1771.90805 -134.61988
v 781.44692 -1768.15769 -114.09041
v 788.85549 -1766.99217 -94.60226
v 802.06576 -1768.55193 -78.50602
v 819.48435 -1772.64894 -67.74313
v 839.01033 -1778.78901 -63.61171
v 858.28857 -1786.23156 -66.61012
v 874.99385 -1794.07892 -76.37665
v 887.11128 -1801.38452 -91.73341
v 893.17929 -1807.26732 -110.82810
v 867.45237 -1941.46603 -110.25656
v 868.40739 -1936.44486 -82.77053
v 864.75146 -1946.72234 -80.76599
v 863.79641 -1951.74352 -108.25200
v 860.28355 -1928.56902 -57.20678
v 856.62762 -1938.84650 -55.20224
v 844.06063 -1918.78812 -36.64700
v 840.40469 -1929.06561 -34.64246
v 821.69538 -1908.28200 -23.57141
v 818.03945 -1918.55947 -21.56688
v 795.88543 -1898.31781 -19.55712
v 792.22948 -1908.59529 -17.55258
v 769.74381 -1890.09741 -25.08829
v 766.08786 -1900.37488 -23.08375
v 746.42359 -1884.61229 -39.49781
v 742.76765 -1894.88977 -37.49327
v 728.73776 -1882.52404 -61.04725
v 725.08181 -1892.80151 -59.04273
v 718.81873 -1884.08459 -87.13906
v 715.16279 -1894.36205 -85.13453
v 717.86384 -1889.10554 -114.62372
v 714.20788 -1899.38302 -112.61917
v 725.98772 -1896.98146 -140.18788
v 722.33177 -1907.25893 -138.18336
v 742.21063 -1906.76236 -160.74764
v 738.55469 -1917.03984 -158.74312
v 764.57586 -1917.26850 -173.82326
v 760.91991 -1927.54597 -171.81874
v 790.38580 -1927.23268 -177.83758
v 786.72986 -1937.51015 -175.83305
v 816.52743 -1935.45309 -172.30640
v 812.87149 -1945.73056 -170.30188
v 839.84733 -1940.93814 -157.89720
v 836.19139 -1951.21562 -155.89268
v 857.53399 -1943.02648 -136.34664
v 853.87805 -1953.30395 -134.34212
v 845.90762 -1931.00239 -107.16877
v 846.57715 -1927.48233 -87.89999
v 867.95353 -1934.20420 -83.37662
v 867.01277 -1939.15032 -110.45176
v 840.88177 -1921.96080 -69.97785
v 859.95111 -1926.44608 -58.19494
v 829.50847 -1915.10378 -55.56416
v 843.97065 -1916.81138 -37.94246
v 813.82903 -1907.73832 -46.39734
v 821.93972 -1906.46227 -25.06232
v 795.73463 -1900.75279 -43.58308
v 796.51554 -1896.64703 -21.10803
v 777.40770 -1894.98978 -47.46077
v 770.76465 -1888.54949 -26.55653
v 761.05876 -1891.14436 -57.56276
v 747.79299 -1883.14636 -40.75066
v 748.65971 -1889.68036 -72.67055
v 730.37151 -1881.08932 -61.97803
v 741.70607 -1890.77437 -90.96196
v 720.60076 -1882.62654 -87.67983
v 741.03656 -1894.29441 -110.23076
v 719.66012 -1887.57245 -114.75368
v 746.73192 -1899.81594 -128.15283
v 727.66257 -1895.33066 -139.93573
v 758.10521 -1906.67295 -142.56655
v 743.64301 -1904.96535 -160.18822
v 773.78464 -1914.03841 -151.73338
v 765.67394 -1915.31446 -173.06837
v 791.87905 -1921.02394 -154.54765
v 791.09811 -1925.12971 -177.02268
v 810.20598 -1926.78697 -150.66996
v 816.84902 -1933.22724 -171.57420
v 826.55493 -1930.63238 -140.56799
v 839.82035 -1938.63032 -157.38037
v 838.95398 -1932.09638 -125.46018
v 857.24263 -1940.68744 -136.15192
v 841.57878 -1941.53358 -85.15941
v 840.90926 -1945.05362 -104.42821
v 862.01441 -1953.20156 -107.71120
v 862.95517 -1948.25543 -80.63605
v 833.95563 -1946.14762 -122.71962
v 852.24429 -1954.73868 -133.41136
v 821.55657 -1944.68362 -137.82743
v 834.82200 -1952.68155 -154.63981
v 805.20761 -1940.83820 -147.92940
v 811.85065 -1947.27848 -168.83364
v 786.88068 -1935.07518 -151.80709
v 786.09976 -1939.18094 -174.28212
v 768.78627 -1928.08966 -148.99279
v 760.67558 -1929.36570 -170.32781
v 753.10684 -1920.72419 -139.82599
v 738.64465 -1919.01660 -157.44763
v 741.73356 -1913.86718 -125.41227
v 722.66421 -1909.38189 -137.19516
v 736.03819 -1908.34564 -107.49018
v 714.66176 -1901.62368 -112.01312
v 736.70771 -1904.82560 -88.22140
v 715.60239 -1896.67777 -84.93925
v 743.66135 -1903.73160 -69.92999
v 725.37314 -1895.14056 -59.23747
v 756.06038 -1905.19560 -54.82218
v 742.79463 -1897.19760 -38.01010
v 772.40934 -1909.04101 -44.72021
v 765.76629 -1902.60073 -23.81597
v 790.73626 -1914.80403 -40.84250
v 791.51717 -1910.69826 -18.36745
v 808.83067 -1921.78955 -43.65678
v 816.94135 -1920.51351 -22.32176
v 824.51011 -1929.15502 -52.82358
v 838.97229 -1930.86262 -35.20190
v 835.88341 -1936.01203 -67.23729
v 854.95275 -1940.49731 -55.45438
v 840.90926 -1945.05362 -104.42821
v 841.57878 -1941.53358 -85.15941
v 844.93484 -1932.09916 -86.99951
v 844.26531 -1935.61921 -106.26831
v 835.88341 -1936.01203 -67.23729
v 839.23946 -1926.57762 -69.07739
v 824.51011 -1929.15502 -52.82358
v 827.86616 -1919.72060 -54.66368
v 808.83067 -1921.78955 -43.65678
v 812.18671 -1912.35514 -45.49688
v 790.73626 -1914.80403 -40.84250
v 794.09231 -1905.36962 -42.68260
v 772.40934 -1909.04101 -44.72021
v 775.76539 -1899.60660 -46.56031
v 756.06038 -1905.19560 -54.82218
v 759.41644 -1895.76119 -56.66228
v 743.66135 -1903.73160 -69.92999
v 747.01739 -1894.29718 -71.77009
v 736.70771 -1904.82560 -88.22140
v 740.06376 -1895.39119 -90.06150
v 736.03819 -1908.34564 -107.49018
v 739.39425 -1898.91123 -109.33030
v 741.73356 -1913.86718 -125.41227
v 745.08960 -1904.43276 -127.25237
v 753.10684 -1920.72419 -139.82599
v 756.46289 -1911.28978 -141.66609
v 768.78627 -1928.08966 -148.99279
v 772.14232 -1918.65525 -150.83289
v 786.88068 -1935.07518 -151.80709
v 790.23673 -1925.64077 -153.64719
v 805.20761 -1940.83820 -147.92940
v 808.56367 -1931.40379 -149.76950
v 821.55657 -1944.68362 -137.82743
v 824.84713 -1935.37203 -139.87165
v 833.95563 -1946.14762 -122.71962
v 837.48610 -1936.86437 -124.47151
v 876.75076 -1815.65194 -111.00979
v 876.19087 -1818.59562 -127.12349
v 871.98794 -1811.03451 -96.02225
v 862.47692 -1805.30026 -83.96864
v 849.36483 -1799.14081 -76.30282
v 834.23320 -1793.29911 -73.94933
v 818.90713 -1788.47973 -77.19210
v 805.23516 -1785.26396 -85.63997
v 794.86634 -1784.03967 -98.27403
v 789.05129 -1784.95455 -113.57038
v 788.49141 -1787.89822 -129.68411
v 793.25421 -1792.51564 -144.67166
v 802.76523 -1798.24989 -156.72523
v 815.87731 -1804.40932 -164.39109
v 831.00893 -1810.25105 -166.74455
v 846.33502 -1815.07044 -163.50181
v 860.00699 -1818.28620 -155.05394
v 870.37583 -1819.51048 -142.41988
v 867.45237 -1941.46603 -110.25656
v 867.01277 -1939.15032 -110.45176
v 867.95353 -1934.20420 -83.37662
v 868.40739 -1936.44486 -82.77053
v 859.95111 -1926.44608 -58.19494
v 860.28355 -1928.56902 -57.20678
v 843.97065 -1916.81138 -37.94246
v 844.06063 -1918.78812 -36.64700
v 821.93972 -1906.46227 -25.06232
v 821.69538 -1908.28200 -23.57141
v 796.51554 -1896.64703 -21.10803
v 795.88543 -1898.31781 -19.55712
v 770.76465 -1888.54949 -26.55653
v 769.74381 -1890.09741 -25.08829
v 747.79299 -1883.14636 -40.75066
v 746.42359 -1884.61229 -39.49781
v 730.37151 -1881.08932 -61.97803
v 728.73776 -1882.52404 -61.04725
v 720.60076 -1882.62654 -87.67983
v 718.81873 -1884.08459 -87.13906
v 719.66012 -1887.57245 -114.75368
v 717.86384 -1889.10554 -114.62372
v 727.66257 -1895.33066 -139.93573
v 725.98772 -1896.98146 -140.18788
v 743.64301 -1904.96535 -160.18822
v 742.21063 -1906.76236 -160.74764
v 765.67394 -1915.31446 -173.06837
v 764.57586 -1917.26850 -173.82326
v 791.09811 -1925.12971 -177.02268
v 790.38580 -1927.23268 -177.83758
v 816.84902 -1933.22724 -171.57420
v 816.52743 -1935.45309 -172.30640
v 839.82035 -1938.63032 -157.38037
v 839.84733 -1940.93814 -157.89720
v 857.24263 -1940.68744 -136.15192
v 857.53399 -1943.02648 -136.34664
v 864.75146 -1946.72234 -80.76599
v 862.95517 -1948.25543 -80.63605
v 862.01441 -1953.20156 -107.71120
v 863.79641 -1951.74352 -108.25200
v 852.24429 -1954.73868 -133.41136
v 853.87805 -1953.30395 -134.34212
v 834.82200 -1952.68155 -154.63981
v 836.19139 -1951.21562 -155.89268
v 811.85065 -1947.27848 -168.83364
v 812.87149 -1945.73056 -170.30188
v 786.09976 -1939.18094 -174.28212
v 786.72986 -1937.51015 -175.83305
v 760.67558 -1929.36570 -170.32781
v 760.91991 -1927.54597 -171.81874
v 738.64465 -1919.01660 -157.44763
v 738.55469 -1917.03984 -158.74312
v 722.66421 -1909.38189 -137.19516
v 722.33177 -1907.25893 -138.18336
v 714.66176 -1901.62368 -112.01312
v 714.20788 -1899.38302 -112.61917
v 715.60239 -1896.67777 -84.93925
v 715.16279 -1894.36205 -85.13453
v 725.37314 -1895.14056 -59.23747
v 725.08181 -1892.80151 -59.04273
v 742.79463 -1897.19760 -38.01010
v 742.76765 -1894.88977 -37.49327
v 765.76629 -1902.60073 -23.81597
v 766.08786 -1900.37488 -23.08375
v 791.51717 -1910.69826 -18.36745
v 792.22948 -1908.59529 -17.55258
v 816.94135 -1920.51351 -22.32176
v 818.03945 -1918.55947 -21.56688
v 838.97229 -1930.86262 -35.20190
v 840.40469 -1929.06561 -34.64246
v 854.95275 -1940.49731 -55.45438
v 856.62762 -1938.84650 -55.20224
v 893.78659 -1807.95477 -110.57892
v 893.32365 -1809.29868 -110.31474
v 892.60043 -1813.10104 -131.12894
v 893.06353 -1811.75624 -131.38812
v 893.06353 -1811.75624 -131.38812
v 892.60043 -1813.10104 -131.12894
v 885.08911 -1814.28276 -150.88739
v 885.55399 -1812.93771 -151.14182
v 885.55399 -1812.93771 -151.14182
v 885.08911 -1814.28276 -150.88739
v 871.69562 -1812.70136 -167.20684
v 872.16370 -1811.35666 -167.45741
v 872.16370 -1811.35666 -167.45741
v 871.69562 -1812.70136 -167.20684
v 854.03542 -1808.54755 -178.11902
v 854.50774 -1807.20381 -178.36701
v 854.50774 -1807.20381 -178.36701
v 854.03542 -1808.54755 -178.11902
v 834.23863 -1802.32230 -182.30772
v 834.71567 -1800.98005 -182.55472
v 834.71567 -1800.98005 -182.55472
v 834.23863 -1802.32230 -182.30772
v 814.69301 -1794.77653 -179.26773
v 815.17471 -1793.43610 -179.51541
v 815.17471 -1793.43610 -179.51541
v 814.69301 -1794.77653 -179.26773
v 797.75606 -1786.82033 -169.36570
v 798.24179 -1785.48179 -169.61578
v 798.24179 -1785.48179 -169.61578
v 797.75606 -1786.82033 -169.36570
v 785.47061 -1779.41336 -153.79599
v 785.95928 -1778.07660 -154.04975
v 785.95928 -1778.07660 -154.04975
v 785.47061 -1779.41336 -153.79599
v 779.31847 -1773.44899 -134.43650
v 779.80860 -1772.11366 -134.69489
v 779.80860 -1772.11366 -134.69489
v 779.31847 -1773.44899 -134.43650
v 780.04168 -1769.64663 -113.62231
v 780.53165 -1768.31221 -113.88565
v 780.53165 -1768.31221 -113.88565
v 780.04168 -1769.64663 -113.62231
v 787.55298 -1768.46494 -93.86388
v 788.04117 -1767.13079 -94.13197
v 788.04117 -1767.13079 -94.13197
v 787.55298 -1768.46494 -93.86388
v 800.94648 -1770.04635 -77.54438
v 801.43146 -1768.71182 -77.81638
v 801.43146 -1768.71182 -77.81638
v 800.94648 -1770.04635 -77.54438
v 818.60664 -1774.20017 -66.63222
v 819.08740 -1772.86467 -66.90678
v 819.08740 -1772.86467 -66.90678
v 818.60664 -1774.20017 -66.63222
v 838.40343 -1780.42540 -62.44351
v 838.87946 -1779.08840 -62.71910
v 838.87946 -1779.08840 -62.71910
v 838.40343 -1780.42540 -62.44351
v 857.94907 -1787.97117 -65.48350
v 858.42043 -1786.63238 -65.75834
v 858.42043 -1786.63238 -65.75834
v 857.94907 -1787.97117 -65.48350
v 874.88602 -1795.92737 -75.38549
v 875.35336 -1794.58668 -75.65800
v 875.35336 -1794.58668 -75.65800
v 874.88602 -1795.92737 -75.38549
v 887.17151 -1803.33430 -90.95522
v 887.63590 -1801.99183 -91.22402
v 887.63590 -1801.99183 -91.22402
v 887.17151 -1803.33430 -90.95522
v 893.32365 -1809.29868 -110.31474
v 893.78659 -1807.95477 -110.57892
v 893.78659 -1807.95477 -110.57892
v 893.06353 -1811.75624 -131.38812
v 893.06353 -1811.75624 -131.38812
v 885.55399 -1812.93771 -151.14182
v 885.55399 -1812.93771 -151.14182
v 872.16370 -1811.35666 -167.45741
v 872.16370 -1811.35666 -167.45741
v 854.50774 -1807.20381 -178.36701
v 854.50774 -1807.20381 -178.36701
v 834.71567 -1800.98005 -182.55472
v 834.71567 -1800.98005 -182.55472
v 815.17471 -1793.43610 -179.51541
v 815.17471 -1793.43610 -179.51541
v 798.24179 -1785.48179 -169.61578
v 798.24179 -1785.48179 -169.61578
v 785.95928 -1778.07660 -154.04975
v 785.95928 -1778.07660 -154.04975
v 779.80860 -1772.11366 -134.69489
v 779.80860 -1772.11366 -134.69489
v 780.53165 -1768.31221 -113.88565
v 780.53165 -1768.31221 -113.88565
v 788.04117 -1767.13079 -94.13197
v 788.04117 -1767.13079 -94.13197
v 801.43146 -1768.71182 -77.81638
v 801.43146 -1768.71182 -77.81638
v 819.08740 -1772.86467 -66.90678
v 819.08740 -1772.86467 -66.90678
v 838.87946 -1779.08840 -62.71910
v 838.87946 -1779.08840 -62.71910
v 858.42043 -1786.63238 -65.75834
v 858.42043 -1786.63238 -65.75834
v 875.35336 -1794.58668 -75.65800
v 875.35336 -1794.58668 -75.65800
v 887.63590 -1801.99183 -91.22402
v 887.63590 -1801.99183 -91.22402
v 893.78659 -1807.95477 -110.57892
vt 0.82139 0.11698
vt 0.93301 0.25000
vt 0.99240 0.41318
vt 0.99240 0.58682
vt 0.93301 0.75000
vt 0.82139 0.88302
vt 0.67101 0.96985
vt 0.50000 1.00000
vt 0.32899 0.96985
vt 0.17861 0.88302
vt 0.06699 0.75000
vt 0.00760 0.58682
vt 0.00760 0.41318
vt 0.06699 0.25000
vt 0.17861 0.11698
vt 0.32899 0.03015
vt 0.50000 0.00000
vt 0.67101 0.03015
vt 0.33240 0.03951
vt 0.18501 0.12461
vt 0.07561 0.25498
vt 0.01740 0.41491
vt 0.01740 0.58510
vt 0.07561 0.74502
vt 0.18501 0.87539
vt 0.33240 0.96049
vt 0.50000 0.99004
vt 0.66760 0.96049
vt 0.81499 0.87539
vt 0.92439 0.74502
vt 0.98260 0.58510
vt 0.98260 0.41491
vt 0.92439 0.25498
vt 0.81499 0.12461
vt 0.66760 0.03951
vt 0.50000 0.00996
vt 0.32899 0.03015
vt 0.50000 0.00000
vt 0.50000 0.00000
vt 0.32899 0.03015
vt 0.67101 0.03015
vt 0.67101 0.03015
vt 0.82139 0.11698
vt 0.82139 0.11698
vt 0.93301 0.25000
vt 0.93301 0.25000
vt 0.99240 0.41318
vt 0.99240 0.41318
vt 0.99240 0.58682
vt 0.99240 0.58682
vt 0.93301 0.75000
vt 0.93301 0.75000
vt 0.82139 0.88302
vt 0.82139 0.88302
vt 0.67101 0.96985
vt 0.67101 0.96985
vt 0.50000 1.00000
vt 0.50000 1.00000
vt 0.32899 0.96985
vt 0.32899 0.96985
vt 0.17861 0.88302
vt 0.17861 0.88302
vt 0.06699 0.75000
vt 0.06699 0.75000
vt 0.00760 0.58682
vt 0.00760 0.58682
vt 0.00760 0.41318
vt 0.00760 0.41318
vt 0.06699 0.25000
vt 0.06699 0.25000
vt 0.17861 0.11698
vt 0.17861 0.11698
vt 0.32899 0.03015
vt 0.50000 0.00000
vt 0.50000 0.00000
vt 0.32899 0.03015
vt 0.67101 0.03015
vt 0.67101 0.03015
vt 0.82139 0.11698
vt 0.82139 0.11698
vt 0.93301 0.25000
vt 0.93301 0.25000
vt 0.99240 0.41318
vt 0.99240 0.41318
vt 0.99240 0.58682
vt 0.99240 0.58682
vt 0.93301 0.75000
vt 0.93301 0.75000
vt 0.82139 0.88302
vt 0.82139 0.88302
vt 0.67101 0.96985
vt 0.67101 0.96985
vt 0.50000 1.00000
vt 0.50000 1.00000
vt 0.32899 0.96985
vt 0.32899 0.96985
vt 0.17861 0.88302
vt 0.17861 0.88302
vt 0.06699 0.75000
vt 0.06699 0.75000
vt 0.00760 0.58682
vt 0.00760 0.58682
vt 0.00760 0.41318
vt 0.00760 0.41318
vt 0.06699 0.25000
vt 0.06699 0.25000
vt 0.17861 0.11698
vt 0.17861 0.11698
vt 0.50000 0.00000
vt 0.32899 0.03015
vt 0.32899 0.03015
vt 0.50000 0.00000
vt 0.17861 0.11698
vt 0.17861 0.11698
vt 0.06699 0.25000
vt 0.06699 0.25000
vt 0.00760 0.41318
vt 0.00760 0.41318
vt 0.00760 0.58682
vt 0.00760 0.58682
vt 0.06699 0.75000
vt 0.06699 0.75000
vt 0.17861 0.88302
vt 0.17861 0.88302
vt 0.32899 0.96985
vt 0.32899 0.96985
vt 0.50000 1.00000
vt 0.50000 1.00000
vt 0.67101 0.96985
vt 0.67101 0.96985
vt 0.82139 0.88302
vt 0.82139 0.88302
vt 0.93301 0.75000
vt 0.93301 0.75000
vt 0.99240 0.58682
vt 0.99240 0.58682
vt 0.99240 0.41318
vt 0.99240 0.41318
vt 0.93301 0.25000
vt 0.93301 0.25000
vt 0.82139 0.11698
vt 0.82139 0.11698
vt 0.67101 0.03015
vt 0.67101 0.03015
vt 0.32899 0.03015
vt 0.50000 0.00000
vt 0.50000 0.00000
vt 0.32899 0.03015
vt 0.67101 0.03015
vt 0.67101 0.03015
vt 0.82139 0.11698
vt 0.82139 0.11698
vt 0.93301 0.25000
vt 0.93301 0.25000
vt 0.99240 0.41318
vt 0.99240 0.41318
vt 0.99240 0.58682
vt 0.99240 0.58682
vt 0.93301 0.75000
vt 0.93301 0.75000
vt 0.82139 0.88302
vt 0.82139 0.88302
vt 0.67101 0.96985
vt 0.67101 0.96985
vt 0.50000 1.00000
vt 0.50000 1.00000
vt 0.32899 0.96985
vt 0.32899 0.96985
vt 0.17861 0.88302
vt 0.17861 0.88302
vt 0.06699 0.75000
vt 0.06699 0.75000
vt 0.00760 0.58682
vt 0.00760 0.58682
vt 0.00760 0.41318
vt 0.00760 0.41318
vt 0.06699 0.25000
vt 0.06699 0.25000
vt 0.17861 0.11698
vt 0.17861 0.11698
vt 0.50000 0.00000
vt 0.32899 0.03015
vt 0.67101 0.03015
vt 0.82139 0.11698
vt 0.93301 0.25000
vt 0.99240 0.41318
vt 0.99240 0.58682
vt 0.93301 0.75000
vt 0.82139 0.88302
vt 0.67101 0.96985
vt 0.50000 1.00000
vt 0.32899 0.96985
vt 0.17861 0.88302
vt 0.06699 0.75000
vt 0.00760 0.58682
vt 0.00760 0.41318
vt 0.06699 0.25000
vt 0.17861 0.11698
vt 0.32899 0.03015
vt 0.32899 0.03015
vt 0.50000 0.00000
vt 0.50000 0.00000
vt 0.67101 0.03015
vt 0.67101 0.03015
vt 0.82139 0.11698
vt 0.82139 0.11698
vt 0.93301 0.25000
vt 0.93301 0.25000
vt 0.99240 0.41318
vt 0.99240 0.41318
vt 0.99240 0.58682
vt 0.99240 0.58682
vt 0.93301 0.75000
vt 0.93301 0.75000
vt 0.82139 0.88302
vt 0.82139 0.88302
vt 0.67101 0.96985
vt 0.67101 0.96985
vt 0.50000 1.00000
vt 0.50000 1.00000
vt 0.32899 0.96985
vt 0.32899 0.96985
vt 0.17861 0.88302
vt 0.17861 0.88302
vt 0.06699 0.75000
vt 0.06699 0.75000
vt 0.00760 0.58682
vt 0.00760 0.58682
vt 0.00760 0.41318
vt 0.00760 0.41318
vt 0.06699 0.25000
vt 0.06699 0.25000
vt 0.17861 0.11698
vt 0.17861 0.11698
vt 0.50000 0.00000
vt 0.50000 0.00000
vt 0.32899 0.03015
vt 0.32899 0.03015
vt 0.17861 0.11698
vt 0.17861 0.11698
vt 0.06699 0.25000
vt 0.06699 0.25000
vt 0.00760 0.41318
vt 0.00760 0.41318
vt 0.00760 0.58682
vt 0.00760 0.58682
vt 0.06699 0.75000
vt 0.06699 0.75000
vt 0.17861 0.88302
vt 0.17861 0.88302
vt 0.32899 0.96985
vt 0.32899 0.96985
vt 0.50000 1.00000
vt 0.50000 1.00000
vt 0.67101 0.96985
vt 0.67101 0.96985
vt 0.82139 0.88302
vt 0.82139 0.88302
vt 0.93301 0.75000
vt 0.93301 0.75000
vt 0.99240 0.58682
vt 0.99240 0.58682
vt 0.99240 0.41318
vt 0.99240 0.41318
vt 0.93301 0.25000
vt 0.93301 0.25000
vt 0.82139 0.11698
vt 0.82139 0.11698
vt 0.67101 0.03015
vt 0.67101 0.03015
vt 0.49959 0.00424
vt 0.49918 -0.00147
vt 0.32925 0.02849
vt 0.33082 0.03400
vt 0.33006 0.03428
vt 0.32772 0.02905
vt 0.17829 0.11533
vt 0.18165 0.11997
vt 0.18102 0.12049
vt 0.17703 0.11638
vt 0.06612 0.24856
vt 0.07087 0.25177
vt 0.07046 0.25248
vt 0.06530 0.24997
vt 0.00629 0.41212
vt 0.01185 0.41351
vt 0.01170 0.41431
vt 0.00601 0.41372
vt 0.00601 0.58628
vt 0.01170 0.58569
vt 0.01185 0.58649
vt 0.00629 0.58788
vt 0.06530 0.75003
vt 0.07046 0.74752
vt 0.07087 0.74823
vt 0.06612 0.75144
vt 0.17703 0.88362
vt 0.18102 0.87951
vt 0.18165 0.88003
vt 0.17829 0.88467
vt 0.32772 0.97095
vt 0.33006 0.96572
vt 0.33082 0.96600
vt 0.32925 0.97151
vt 0.49918 1.00147
vt 0.49959 0.99576
vt 0.50041 0.99576
vt 0.50082 1.00147
vt 0.67075 0.97151
vt 0.66918 0.96600
vt 0.66994 0.96572
vt 0.67228 0.97095
vt 0.82171 0.88467
vt 0.81835 0.88003
vt 0.81898 0.87951
vt 0.82297 0.88362
vt 0.93388 0.75144
vt 0.92913 0.74823
vt 0.92954 0.74752
vt 0.93470 0.75003
vt 0.99371 0.58788
vt 0.98815 0.58649
vt 0.98830 0.58569
vt 0.99399 0.58628
vt 0.99399 0.41373
vt 0.98830 0.41432
vt 0.98815 0.41351
vt 0.99371 0.41212
vt 0.93470 0.24997
vt 0.92954 0.25248
vt 0.92913 0.25177
vt 0.93388 0.24856
vt 0.82297 0.11638
vt 0.81898 0.12049
vt 0.81835 0.11997
vt 0.82171 0.11533
vt 0.67228 0.02905
vt 0.66994 0.03428
vt 0.66918 0.03400
vt 0.67075 0.02849
vt 0.50082 -0.00147
vt 0.50041 0.00424
vt 0.49959 0.00424
vt 0.33082 0.03400
vt 0.33006 0.03428
vt 0.18165 0.11997
vt 0.18102 0.12049
vt 0.07087 0.25177
vt 0.07046 0.25248
vt 0.01185 0.41351
vt 0.01170 0.41431
vt 0.01170 0.58569
vt 0.01185 0.58649
vt 0.07046 0.74752
vt 0.07087 0.74823
vt 0.18102 0.87951
vt 0.18165 0.88003
vt 0.33006 0.96572
vt 0.33082 0.96600
vt 0.49959 0.99576
vt 0.50041 0.99576
vt 0.66918 0.96600
vt 0.66994 0.96572
vt 0.81835 0.88003
vt 0.81898 0.87951
vt 0.92913 0.74823
vt 0.92954 0.74752
vt 0.98815 0.58649
vt 0.98830 0.58569
vt 0.98830 0.41432
vt 0.98815 0.41351
vt 0.92954 0.25248
vt 0.92913 0.25177
vt 0.81898 0.12049
vt 0.81835 0.11997
vt 0.66994 0.03428
vt 0.66918 0.03400
vt 0.50041 0.00424
vt 0.82139 0.11698
vt 0.93301 0.25000
vt 0.99240 0.41318
vt 0.99240 0.58682
vt 0.93301 0.75000
vt 0.82139 0.88302
vt 0.67101 0.96985
vt 0.50000 1.00000
vt 0.32899 0.96985
vt 0.17861 0.88302
vt 0.06699 0.75000
vt 0.00760 0.58682
vt 0.00760 0.41318
vt 0.06699 0.25000
vt 0.17861 0.11698
vt 0.32899 0.03015
vt 0.50000 0.00000
vt 0.67101 0.03015
vt 0.33240 0.03951
vt 0.18501 0.12461
vt 0.07561 0.25498
vt 0.01740 0.41491
vt 0.01740 0.58510
vt 0.07561 0.74502
vt 0.18501 0.87539
vt 0.33240 0.96049
vt 0.50000 0.99004
vt 0.66760 0.96049
vt 0.81499 0.87539
vt 0.92439 0.74502
vt 0.98260 0.58510
vt 0.98260 0.41491
vt 0.92439 0.25498
vt 0.81499 0.12461
vt 0.66760 0.03951
vt 0.50000 0.00996
vt 0.32899 0.03015
vt 0.50000 0.00000
vt 0.50000 0.00000
vt 0.32899 0.03015
vt 0.67101 0.03015
vt 0.67101 0.03015
vt 0.82139 0.11698
vt 0.82139 0.11698
vt 0.93301 0.25000
vt 0.93301 0.25000
vt 0.99240 0.41318
vt 0.99240 0.41318
vt 0.99240 0.58682
vt 0.99240 0.58682
vt 0.93301 0.75000
vt 0.93301 0.75000
vt 0.82139 0.88302
vt 0.82139 0.88302
vt 0.67101 0.96985
vt 0.67101 0.96985
vt 0.50000 1.00000
vt 0.50000 1.00000
vt 0.32899 0.96985
vt 0.32899 0.96985
vt 0.17861 0.88302
vt 0.17861 0.88302
vt 0.06699 0.75000
vt 0.06699 0.75000
vt 0.00760 0.58682
vt 0.00760 0.58682
vt 0.00760 0.41318
vt 0.00760 0.41318
vt 0.06699 0.25000
vt 0.06699 0.25000
vt 0.17861 0.11698
vt 0.17861 0.11698
vt 0.32899 0.03015
vt 0.50000 0.00000
vt 0.50000 0.00000
vt 0.32899 0.03015
vt 0.67101 0.03015
vt 0.67101 0.03015
vt 0.82139 0.11698
vt 0.82139 0.11698
vt 0.93301 0.25000
vt 0.93301 0.25000
vt 0.99240 0.41318
vt 0.99240 0.41318
vt 0.99240 0.58682
vt 0.99240 0.58682
vt 0.93301 0.75000
vt 0.93301 0.75000
vt 0.82139 0.88302
vt 0.82139 0.88302
vt 0.67101 0.96985
vt 0.67101 0.96985
vt 0.50000 1.00000
vt 0.50000 1.00000
vt 0.32899 0.96985
vt 0.32899 0.96985
vt 0.17861 0.88302
vt 0.17861 0.88302
vt 0.06699 0.75000
vt 0.06699 0.75000
vt 0.00760 0.58682
vt 0.00760 0.58682
vt 0.00760 0.41318
vt 0.00760 0.41318
vt 0.06699 0.25000
vt 0.06699 0.25000
vt 0.17861 0.11698
vt 0.17861 0.11698
vt 0.50000 0.00000
vt 0.32899 0.03015
vt 0.32899 0.03015
vt 0.50000 0.00000
vt 0.17861 0.11698
vt 0.17861 0.11698
vt 0.06699 0.25000
vt 0.06699 0.25000
vt 0.00760 0.41318
vt 0.00760 0.41318
vt 0.00760 0.58682
vt 0.00760 0.58682
vt 0.06699 0.75000
vt 0.06699 0.75000
vt 0.17861 0.88302
vt 0.17861 0.88302
vt 0.32899 0.96985
vt 0.32899 0.96985
vt 0.50000 1.00000
vt 0.50000 1.00000
vt 0.67101 0.96985
vt 0.67101 0.96985
vt 0.82139 0.88302
vt 0.82139 0.88302
vt 0.93301 0.75000
vt 0.93301 0.75000
vt 0.99240 0.58682
vt 0.99240 0.58682
vt 0.99240 0.41318
vt 0.99240 0.41318
vt 0.93301 0.25000
vt 0.93301 0.25000
vt 0.82139 0.11698
vt 0.82139 0.11698
vt 0.67101 0.03015
vt 0.67101 0.03015
vt 0.32899 0.03015
vt 0.50000 0.00000
vt 0.50000 0.00000
vt 0.32899 0.03015
vt 0.67101 0.03015
vt 0.67101 0.03015
vt 0.82139 0.11698
vt 0.82139 0.11698
vt 0.93301 0.25000
vt 0.93301 0.25000
vt 0.99240 0.41318
vt 0.99240 0.41318
vt 0.99240 0.58682
vt 0.99240 0.58682
vt 0.93301 0.75000
vt 0.93301 0.75000
vt 0.82139 0.88302
vt 0.82139 0.88302
vt 0.67101 0.96985
vt 0.67101 0.96985
vt 0.50000 1.00000
vt 0.50000 1.00000
vt 0.32899 0.96985
vt 0.32899 0.96985
vt 0.17861 0.88302
vt 0.17861 0.88302
vt 0.06699 0.75000
vt 0.06699 0.75000
vt 0.00760 0.58682
vt 0.00760 0.58682
vt 0.00760 0.41318
vt 0.00760 0.41318
vt 0.06699 0.25000
vt 0.06699 0.25000
vt 0.17861 0.11698
vt 0.17861 0.11698
vt 0.50000 0.00000
vt 0.32899 0.03015
vt 0.67101 0.03015
vt 0.82139 0.11698
vt 0.93301 0.25000
vt 0.99240 0.41318
vt 0.99240 0.58682
vt 0.93301 0.75000
vt 0.82139 0.88302
vt 0.67101 0.96985
vt 0.50000 1.00000
vt 0.32899 0.96985
vt 0.17861 0.88302
vt 0.06699 0.75000
vt 0.00760 0.58682
vt 0.00760 0.41318
vt 0.06699 0.25000
vt 0.17861 0.11698
vt 0.32899 0.03015
vt 0.32899 0.03015
vt 0.50000 0.00000
vt 0.50000 0.00000
vt 0.67101 0.03015
vt 0.67101 0.03015
vt 0.82139 0.11698
vt 0.82139 0.11698
vt 0.93301 0.25000
vt 0.93301 0.25000
vt 0.99240 0.41318
vt 0.99240 0.41318
vt 0.99240 0.58682
vt 0.99240 0.58682
vt 0.93301 0.75000
vt 0.93301 0.75000
vt 0.82139 0.88302
vt 0.82139 0.88302
vt 0.67101 0.96985
vt 0.67101 0.96985
vt 0.50000 1.00000
vt 0.50000 1.00000
vt 0.32899 0.96985
vt 0.32899 0.96985
vt 0.17861 0.88302
vt 0.17861 0.88302
vt 0.06699 0.75000
vt 0.06699 0.75000
vt 0.00760 0.58682
vt 0.00760 0.58682
vt 0.00760 0.41318
vt 0.00760 0.41318
vt 0.06699 0.25000
vt 0.06699 0.25000
vt 0.17861 0.11698
vt 0.17861 0.11698
vt 0.50000 0.00000
vt 0.50000 0.00000
vt 0.32899 0.03015
vt 0.32899 0.03015
vt 0.17861 0.11698
vt 0.17861 0.11698
vt 0.06699 0.25000
vt 0.06699 0.25000
vt 0.00760 0.41318
vt 0.00760 0.41318
vt 0.00760 0.58682
vt 0.00760 0.58682
vt 0.06699 0.75000
vt 0.06699 0.75000
vt 0.17861 0.88302
vt 0.17861 0.88302
vt 0.32899 0.96985
vt 0.32899 0.96985
vt 0.50000 1.00000
vt 0.50000 1.00000
vt 0.67101 0.96985
vt 0.67101 0.96985
vt 0.82139 0.88302
vt 0.82139 0.88302
vt 0.93301 0.75000
vt 0.93301 0.75000
vt 0.99240 0.58682
vt 0.99240 0.58682
vt 0.99240 0.41318
vt 0.99240 0.41318
vt 0.93301 0.25000
vt 0.93301 0.25000
vt 0.82139 0.11698
vt 0.82139 0.11698
vt 0.67101 0.03015
vt 0.67101 0.03015
vt 0.49959 0.00424
vt 0.49918 -0.00147
vt 0.32925 0.02849
vt 0.33082 0.03400
vt 0.33006 0.03428
vt 0.32772 0.02905
vt 0.17829 0.11533
vt 0.18165 0.11997
vt 0.18102 0.12049
vt 0.17703 0.11638
vt 0.06612 0.24856
vt 0.07087 0.25177
vt 0.07046 0.25248
vt 0.06530 0.24997
vt 0.00629 0.41212
vt 0.01185 0.41351
vt 0.01170 0.41431
vt 0.00601 0.41372
vt 0.00601 0.58628
vt 0.01170 0.58569
vt 0.01185 0.58649
vt 0.00629 0.58788
vt 0.06530 0.75003
vt 0.07046 0.74752
vt 0.07087 0.74823
vt 0.06612 0.75144
vt 0.17703 0.88362
vt 0.18102 0.87951
vt 0.18165 0.88003
vt 0.17829 0.88467
vt 0.32772 0.97095
vt 0.33006 0.96572
vt 0.33082 0.96600
vt 0.32925 0.97151
vt 0.49918 1.00147
vt 0.49959 0.99576
vt 0.50041 0.99576
vt 0.50082 1.00147
vt 0.67075 0.97151
vt 0.66918 0.96600
vt 0.66994 0.96572
vt 0.67228 0.97095
vt 0.82171 0.88467
vt 0.81835 0.88003
vt 0.81898 0.87951
vt 0.82297 0.88362
vt 0.93388 0.75144
vt 0.92913 0.74823
vt 0.92954 0.74752
vt 0.93470 0.75003
vt 0.99371 0.58788
vt 0.98815 0.58649
vt 0.98830 0.58569
vt 0.99399 0.58628
vt 0.99399 0.41373
vt 0.98830 0.41432
vt 0.98815 0.41351
vt 0.99371 0.41212
vt 0.93470 0.24997
vt 0.92954 0.25248
vt 0.92913 0.25177
vt 0.93388 0.24856
vt 0.82297 0.11638
vt 0.81898 0.12049
vt 0.81835 0.11997
vt 0.82171 0.11533
vt 0.67228 0.02905
vt 0.66994 0.03428
vt 0.66918 0.03400
vt 0.67075 0.02849
vt 0.50082 -0.00147
vt 0.50041 0.00424
vt 0.49959 0.00424
vt 0.33082 0.03400
vt 0.33006 0.03428
vt 0.18165 0.11997
vt 0.18102 0.12049
vt 0.07087 0.25177
vt 0.07046 0.25248
vt 0.01185 0.41351
vt 0.01170 0.41431
vt 0.01170 0.58569
vt 0.01185 0.58649
vt 0.07046 0.74752
vt 0.07087 0.74823
vt 0.18102 0.87951
vt 0.18165 0.88003
vt 0.33006 0.96572
vt 0.33082 0.96600
vt 0.49959 0.99576
vt 0.50041 0.99576
vt 0.66918 0.96600
vt 0.66994 0.96572
vt 0.81835 0.88003
vt 0.81898 0.87951
vt 0.92913 0.74823
vt 0.92954 0.74752
vt 0.98815 0.58649
vt 0.98830 0.58569
vt 0.98830 0.41432
vt 0.98815 0.41351
vt 0.92954 0.25248
vt 0.92913 0.25177
vt 0.81898 0.12049
vt 0.81835 0.11997
vt 0.66994 0.03428
vt 0.66918 0.03400
vt 0.50041 0.00424
vt 0.82139 0.11698
vt 0.93301 0.25000
vt 0.99240 0.41318
vt 0.99240 0.58682
vt 0.93301 0.75000
vt 0.82139 0.88302
vt 0.67101 0.96985
vt 0.50000 1.00000
vt 0.32899 0.96985
vt 0.17861 0.88302
vt 0.06699 0.75000
vt 0.00760 0.58682
vt 0.00760 0.41318
vt 0.06699 0.25000
vt 0.17861 0.11698
vt 0.32899 0.03015
vt 0.50000 0.00000
vt 0.67101 0.03015
vt 0.33240 0.03951
vt 0.18501 0.12461
vt 0.07561 0.25498
vt 0.01740 0.41491
vt 0.01740 0.58510
vt 0.07561 0.74502
vt 0.18501 0.87539
vt 0.33240 0.96049
vt 0.50000 0.99004
vt 0.66760 0.96049
vt 0.81499 0.87539
vt 0.92439 0.74502
vt 0.98260 0.58510
vt 0.98260 0.41491
vt 0.92439 0.25498
vt 0.81499 0.12461
vt 0.66760 0.03951
vt 0.50000 0.00996
vt 0.32899 0.03015
vt 0.50000 0.00000
vt 0.50000 0.00000
vt 0.32899 0.03015
vt 0.67101 0.03015
vt 0.67101 0.03015
vt 0.82139 0.11698
vt 0.82139 0.11698
vt 0.93301 0.25000
vt 0.93301 0.25000
vt 0.99240 0.41318
vt 0.99240 0.41318
vt 0.99240 0.58682
vt 0.99240 0.58682
vt 0.93301 0.75000
vt 0.93301 0.75000
vt 0.82139 0.88302
vt 0.82139 0.88302
vt 0.67101 0.96985
vt 0.67101 0.96985
vt 0.50000 1.00000
vt 0.50000 1.00000
vt 0.32899 0.96985
vt 0.32899 0.96985
vt 0.17861 0.88302
vt 0.17861 0.88302
vt 0.06699 0.75000
vt 0.06699 0.75000
vt 0.00760 0.58682
vt 0.00760 0.58682
vt 0.00760 0.41318
vt 0.00760 0.41318
vt 0.06699 0.25000
vt 0.06699 0.25000
vt 0.17861 0.11698
vt 0.17861 0.11698
vt 0.32899 0.03015
vt 0.50000 0.00000
vt 0.50000 0.00000
vt 0.32899 0.03015
vt 0.67101 0.03015
vt 0.67101 0.03015
vt 0.82139 0.11698
vt 0.82139 0.11698
vt 0.93301 0.25000
vt 0.93301 0.25000
vt 0.99240 0.41318
vt 0.99240 0.41318
vt 0.99240 0.58682
vt 0.99240 0.58682
vt 0.93301 0.75000
vt 0.93301 0.75000
vt 0.82139 0.88302
vt 0.82139 0.88302
vt 0.67101 0.96985
vt 0.67101 0.96985
vt 0.50000 1.00000
vt 0.50000 1.00000
vt 0.32899 0.96985
vt 0.32899 0.96985
vt 0.17861 0.88302
vt 0.17861 0.88302
vt 0.06699 0.75000
vt 0.06699 0.75000
vt 0.00760 0.58682
vt 0.00760 0.58682
vt 0.00760 0.41318
vt 0.00760 0.41318
vt 0.06699 0.25000
vt 0.06699 0.25000
vt 0.17861 0.11698
vt 0.17861 0.11698
vt 0.50000 0.00000
vt 0.32899 0.03015
vt 0.32899 0.03015
vt 0.50000 0.00000
vt 0.17861 0.11698
vt 0.17861 0.11698
vt 0.06699 0.25000
vt 0.06699 0.25000
vt 0.00760 0.41318
vt 0.00760 0.41318
vt 0.00760 0.58682
vt 0.00760 0.58682
vt 0.06699 0.75000
vt 0.06699 0.75000
vt 0.17861 0.88302
vt 0.17861 0.88302
vt 0.32899 0.96985
vt 0.32899 0.96985
vt 0.50000 1.00000
vt 0.50000 1.00000
vt 0.67101 0.96985
vt 0.67101 0.96985
vt 0.82139 0.88302
vt 0.82139 0.88302
vt 0.93301 0.75000
vt 0.93301 0.75000
vt 0.99240 0.58682
vt 0.99240 0.58682
vt 0.99240 0.41318
vt 0.99240 0.41318
vt 0.93301 0.25000
vt 0.93301 0.25000
vt 0.82139 0.11698
vt 0.82139 0.11698
vt 0.67101 0.03015
vt 0.67101 0.03015
vt 0.32899 0.03015
vt 0.50000 0.00000
vt 0.50000 0.00000
vt 0.32899 0.03015
vt 0.67101 0.03015
vt 0.67101 0.03015
vt 0.82139 0.11698
vt 0.82139 0.11698
vt 0.93301 0.25000
vt 0.93301 0.25000
vt 0.99240 0.41318
vt 0.99240 0.41318
vt 0.99240 0.58682
vt 0.99240 0.58682
vt 0.93301 0.75000
vt 0.93301 0.75000
vt 0.82139 0.88302
vt 0.82139 0.88302
vt 0.67101 0.96985
vt 0.67101 0.96985
vt 0.50000 1.00000
vt 0.50000 1.00000
vt 0.32899 0.96985
vt 0.32899 0.96985
vt 0.17861 0.88302
vt 0.17861 0.88302
vt 0.06699 0.75000
vt 0.06699 0.75000
vt 0.00760 0.58682
vt 0.00760 0.58682
vt 0.00760 0.41318
vt 0.00760 0.41318
vt 0.06699 0.25000
vt 0.06699 0.25000
vt 0.17861 0.11698
vt 0.17861 0.11698
vt 0.50000 0.00000
vt 0.32899 0.03015
vt 0.67101 0.03015
vt 0.82139 0.11698
vt 0.93301 0.25000
vt 0.99240 0.41318
vt 0.99240 0.58682
vt 0.93301 0.75000
vt 0.82139 0.88302
vt 0.67101 0.96985
vt 0.50000 1.00000
vt 0.32899 0.96985
vt 0.17861 0.88302
vt 0.06699 0.75000
vt 0.00760 0.58682
vt 0.00760 0.41318
vt 0.06699 0.25000
vt 0.17861 0.11698
vt 0.32899 0.03015
vt 0.32899 0.03015
vt 0.50000 0.00000
vt 0.50000 0.00000
vt 0.67101 0.03015
vt 0.67101 0.03015
vt 0.82139 0.11698
vt 0.82139 0.11698
vt 0.93301 0.25000
vt 0.93301 0.25000
vt 0.99240 0.41318
vt 0.99240 0.41318
vt 0.99240 0.58682
vt 0.99240 0.58682
vt 0.93301 0.75000
vt 0.93301 0.75000
vt 0.82139 0.88302
vt 0.82139 0.88302
vt 0.67101 0.96985
vt 0.67101 0.96985
vt 0.50000 1.00000
vt 0.50000 1.00000
vt 0.32899 0.96985
vt 0.32899 0.96985
vt 0.17861 0.88302
vt 0.17861 0.88302
vt 0.06699 0.75000
vt 0.06699 0.75000
vt 0.00760 0.58682
vt 0.00760 0.58682
vt 0.00760 0.41318
vt 0.00760 0.41318
vt 0.06699 0.25000
vt 0.06699 0.25000
vt 0.17861 0.11698
vt 0.17861 0.11698
vt 0.50000 0.00000
vt 0.50000 0.00000
vt 0.32899 0.03015
vt 0.32899 0.03015
vt 0.17861 0.11698
vt 0.17861 0.11698
vt 0.06699 0.25000
vt 0.06699 0.25000
vt 0.00760 0.41318
vt 0.00760 0.41318
vt 0.00760 0.58682
vt 0.00760 0.58682
vt 0.06699 0.75000
vt 0.06699 0.75000
vt 0.17861 0.88302
vt 0.17861 0.88302
vt 0.32899 0.96985
vt 0.32899 0.96985
vt 0.50000 1.00000
vt 0.50000 1.00000
vt 0.67101 0.96985
vt 0.67101 0.96985
vt 0.82139 0.88302
vt 0.82139 0.88302
vt 0.93301 0.75000
vt 0.93301 0.75000
vt 0.99240 0.58682
vt 0.99240 0.58682
vt 0.99240 0.41318
vt 0.99240 0.41318
vt 0.93301 0.25000
vt 0.93301 0.25000
vt 0.82139 0.11698
vt 0.82139 0.11698
vt 0.67101 0.03015
vt 0.67101 0.03015
vt 0.49959 0.00424
vt 0.49918 -0.00147
vt 0.32925 0.02849
vt 0.33082 0.03400
vt 0.33006 0.03428
vt 0.32772 0.02905
vt 0.17829 0.11533
vt 0.18165 0.11997
vt 0.18102 0.12049
vt 0.17703 0.11638
vt 0.06612 0.24856
vt 0.07087 0.25177
vt 0.07046 0.25248
vt 0.06530 0.24997
vt 0.00629 0.41212
vt 0.01185 0.41351
vt 0.01170 0.41431
vt 0.00601 0.41372
vt 0.00601 0.58628
vt 0.01170 0.58569
vt 0.01185 0.58649
vt 0.00629 0.58788
vt 0.06530 0.75003
vt 0.07046 0.74752
vt 0.07087 0.74823
vt 0.06612 0.75144
vt 0.17703 0.88362
vt 0.18102 0.87951
vt 0.18165 0.88003
vt 0.17829 0.88467
vt 0.32772 0.97095
vt 0.33006 0.96572
vt 0.33082 0.96600
vt 0.32925 0.97151
vt 0.49918 1.00147
vt 0.49959 0.99576
vt 0.50041 0.99576
vt 0.50082 1.00147
vt 0.67075 0.97151
vt 0.66918 0.96600
vt 0.66994 0.96572
vt 0.67228 0.97095
vt 0.82171 0.88467
vt 0.81835 0.88003
vt 0.81898 0.87951
vt 0.82297 0.88362
vt 0.93388 0.75144
vt 0.92913 0.74823
vt 0.92954 0.74752
vt 0.93470 0.75003
vt 0.99371 0.58788
vt 0.98815 0.58649
vt 0.98830 0.58569
vt 0.99399 0.58628
vt 0.99399 0.41373
vt 0.98830 0.41432
vt 0.98815 0.41351
vt 0.99371 0.41212
vt 0.93470 0.24997
vt 0.92954 0.25248
vt 0.92913 0.25177
vt 0.93388 0.24856
vt 0.82297 0.11638
vt 0.81898 0.12049
vt 0.81835 0.11997
vt 0.82171 0.11533
vt 0.67228 0.02905
vt 0.66994 0.03428
vt 0.66918 0.03400
vt 0.67075 0.02849
vt 0.50082 -0.00147
vt 0.50041 0.00424
vt 0.49959 0.00424
vt 0.33082 0.03400
vt 0.33006 0.03428
vt 0.18165 0.11997
vt 0.18102 0.12049
vt 0.07087 0.25177
vt 0.07046 0.25248
vt 0.01185 0.41351
vt 0.01170 0.41431
vt 0.01170 0.58569
vt 0.01185 0.58649
vt 0.07046 0.74752
vt 0.07087 0.74823
vt 0.18102 0.87951
vt 0.18165 0.88003
vt 0.33006 0.96572
vt 0.33082 0.96600
vt 0.49959 0.99576
vt 0.50041 0.99576
vt 0.66918 0.96600
vt 0.66994 0.96572
vt 0.81835 0.88003
vt 0.81898 0.87951
vt 0.92913 0.74823
vt 0.92954 0.74752
vt 0.98815 0.58649
vt 0.98830 0.58569
vt 0.98830 0.41432
vt 0.98815 0.41351
vt 0.92954 0.25248
vt 0.92913 0.25177
vt 0.81898 0.12049
vt 0.81835 0.11997
vt 0.66994 0.03428
vt 0.66918 0.03400
vt 0.50041 0.00424
vt 0.82139 0.11698
vt 0.93301 0.25000
vt 0.99240 0.41318
vt 0.99240 0.58682
vt 0.93301 0.75000
vt 0.82139 0.88302
vt 0.67101 0.96985
vt 0.50000 1.00000
vt 0.32899 0.96985
vt 0.17861 0.88302
vt 0.06699 0.75000
vt 0.00760 0.58682
vt 0.00760 0.41318
vt 0.06699 0.25000
vt 0.17861 0.11698
vt 0.32899 0.03015
vt 0.50000 0.00000
vt 0.67101 0.03015
vt 0.33240 0.03951
vt 0.18501 0.12461
vt 0.07561 0.25498
vt 0.01740 0.41491
vt 0.01740 0.58510
vt 0.07561 0.74502
vt 0.18501 0.87539
vt 0.33240 0.96049
vt 0.50000 0.99004
vt 0.66760 0.96049
vt 0.81499 0.87539
vt 0.92439 0.74502
vt 0.98260 0.58510
vt 0.98260 0.41491
vt 0.92439 0.25498
vt 0.81499 0.12461
vt 0.66760 0.03951
vt 0.50000 0.00996
vt 0.32899 0.03015
vt 0.50000 0.00000
vt 0.50000 0.00000
vt 0.32899 0.03015
vt 0.67101 0.03015
vt 0.67101 0.03015
vt 0.82139 0.11698
vt 0.82139 0.11698
vt 0.93301 0.25000
vt 0.93301 0.25000
vt 0.99240 0.41318
vt 0.99240 0.41318
vt 0.99240 0.58682
vt 0.99240 0.58682
vt 0.93301 0.75000
vt 0.93301 0.75000
vt 0.82139 0.88302
vt 0.82139 0.88302
vt 0.67101 0.96985
vt 0.67101 0.96985
vt 0.50000 1.00000
vt 0.50000 1.00000
vt 0.32899 0.96985
vt 0.32899 0.96985
vt 0.17861 0.88302
vt 0.17861 0.88302
vt 0.06699 0.75000
vt 0.06699 0.75000
vt 0.00760 0.58682
vt 0.00760 0.58682
vt 0.00760 0.41318
vt 0.00760 0.41318
vt 0.06699 0.25000
vt 0.06699 0.25000
vt 0.17861 0.11698
vt 0.17861 0.11698
vt 0.32899 0.03015
vt 0.50000 0.00000
vt 0.50000 0.00000
vt 0.32899 0.03015
vt 0.67101 0.03015
vt 0.67101 0.03015
vt 0.82139 0.11698
vt 0.82139 0.11698
vt 0.93301 0.25000
vt 0.93301 0.25000
vt 0.99240 0.41318
vt 0.99240 0.41318
vt 0.99240 0.58682
vt 0.99240 0.58682
vt 0.93301 0.75000
vt 0.93301 0.75000
vt 0.82139 0.88302
vt 0.82139 0.88302
vt 0.67101 0.96985
vt 0.67101 0.96985
vt 0.50000 1.00000
vt 0.50000 1.00000
vt 0.32899 0.96985
vt 0.32899 0.96985
vt 0.17861 0.88302
vt 0.17861 0.88302
vt 0.06699 0.75000
vt 0.06699 0.75000
vt 0.00760 0.58682
vt 0.00760 0.58682
vt 0.00760 0.41318
vt 0.00760 0.41318
vt 0.06699 0.25000
vt 0.06699 0.25000
vt 0.17861 0.11698
vt 0.17861 0.11698
vt 0.50000 0.00000
vt 0.32899 0.03015
vt 0.32899 0.03015
vt 0.50000 0.00000
vt 0.17861 0.11698
vt 0.17861 0.11698
vt 0.06699 0.25000
vt 0.06699 0.25000
vt 0.00760 0.41318
vt 0.00760 0.41318
vt 0.00760 0.58682
vt 0.00760 0.58682
vt 0.06699 0.75000
vt 0.06699 0.75000
vt 0.17861 0.88302
vt 0.17861 0.88302
vt 0.32899 0.96985
vt 0.32899 0.96985
vt 0.50000 1.00000
vt 0.50000 1.00000
vt 0.67101 0.96985
vt 0.67101 0.96985
vt 0.82139 0.88302
vt 0.82139 0.88302
vt 0.93301 0.75000
vt 0.93301 0.75000
vt 0.99240 0.58682
vt 0.99240 0.58682
vt 0.99240 0.41318
vt 0.99240 0.41318
vt 0.93301 0.25000
vt 0.93301 0.25000
vt 0.82139 0.11698
vt 0.82139 0.11698
vt 0.67101 0.03015
vt 0.67101 0.03015
vt 0.32899 0.03015
vt 0.50000 0.00000
vt 0.50000 0.00000
vt 0.32899 0.03015
vt 0.67101 0.03015
vt 0.67101 0.03015
vt 0.82139 0.11698
vt 0.82139 0.11698
vt 0.93301 0.25000
vt 0.93301 0.25000
vt 0.99240 0.41318
vt 0.99240 0.41318
vt 0.99240 0.58682
vt 0.99240 0.58682
vt 0.93301 0.75000
vt 0.93301 0.75000
vt 0.82139 0.88302
vt 0.82139 0.88302
vt 0.67101 0.96985
vt 0.67101 0.96985
vt 0.50000 1.00000
vt 0.50000 1.00000
vt 0.32899 0.96985
vt 0.32899 0.96985
vt 0.17861 0.88302
vt 0.17861 0.88302
vt 0.06699 0.75000
vt 0.06699 0.75000
vt 0.00760 0.58682
vt 0.00760 0.58682
vt 0.00760 0.41318
vt 0.00760 0.41318
vt 0.06699 0.25000
vt 0.06699 0.25000
vt 0.17861 0.11698
vt 0.17861 0.11698
vt 0.50000 0.00000
vt 0.32899 0.03015
vt 0.67101 0.03015
vt 0.82139 0.11698
vt 0.93301 0.25000
vt 0.99240 0.41318
vt 0.99240 0.58682
vt 0.93301 0.75000
vt 0.82139 0.88302
vt 0.67101 0.96985
vt 0.50000 1.00000
vt 0.32899 0.96985
vt 0.17861 0.88302
vt 0.06699 0.75000
vt 0.00760 0.58682
vt 0.00760 0.41318
vt 0.06699 0.25000
vt 0.17861 0.11698
vt 0.32899 0.03015
vt 0.32899 0.03015
vt 0.50000 0.00000
vt 0.50000 0.00000
vt 0.67101 0.03015
vt 0.67101 0.03015
vt 0.82139 0.11698
vt 0.82139 0.11698
vt 0.93301 0.25000
vt 0.93301 0.25000
vt 0.99240 0.41318
vt 0.99240 0.41318
vt 0.99240 0.58682
vt 0.99240 0.58682
vt 0.93301 0.75000
vt 0.93301 0.75000
vt 0.82139 0.88302
vt 0.82139 0.88302
vt 0.67101 0.96985
vt 0.67101 0.96985
vt 0.50000 1.00000
vt 0.50000 1.00000
vt 0.32899 0.96985
vt 0.32899 0.96985
vt 0.17861 0.88302
vt 0.17861 0.88302
vt 0.06699 0.75000
vt 0.06699 0.75000
vt 0.00760 0.58682
vt 0.00760 0.58682
vt 0.00760 0.41318
vt 0.00760 0.41318
vt 0.06699 0.25000
vt 0.06699 0.25000
vt 0.17861 0.11698
vt 0.17861 0.11698
vt 0.50000 0.00000
vt 0.50000 0.00000
vt 0.32899 0.03015
vt 0.32899 0.03015
vt 0.17861 0.11698
vt 0.17861 0.11698
vt 0.06699 0.25000
vt 0.06699 0.25000
vt 0.00760 0.41318
vt 0.00760 0.41318
vt 0.00760 0.58682
vt 0.00760 0.58682
vt 0.06699 0.75000
vt 0.06699 0.75000
vt 0.17861 0.88302
vt 0.17861 0.88302
vt 0.32899 0.96985
vt 0.32899 0.96985
vt 0.50000 1.00000
vt 0.50000 1.00000
vt 0.67101 0.96985
vt 0.67101 0.96985
vt 0.82139 0.88302
vt 0.82139 0.88302
vt 0.93301 0.75000
vt 0.93301 0.75000
vt 0.99240 0.58682
vt 0.99240 0.58682
vt 0.99240 0.41318
vt 0.99240 0.41318
vt 0.93301 0.25000
vt 0.93301 0.25000
vt 0.82139 0.11698
vt 0.82139 0.11698
vt 0.67101 0.03015
vt 0.67101 0.03015
vt 0.49959 0.00424
vt 0.49918 -0.00147
vt 0.32925 0.02849
vt 0.33082 0.03400
vt 0.33006 0.03428
vt 0.32772 0.02905
vt 0.17829 0.11533
vt 0.18165 0.11997
vt 0.18102 0.12049
vt 0.17703 0.11638
vt 0.06612 0.24856
vt 0.07087 0.25177
vt 0.07046 0.25248
vt 0.06530 0.24997
vt 0.00629 0.41212
vt 0.01185 0.41351
vt 0.01170 0.41431
vt 0.00601 0.41372
vt 0.00601 0.58628
vt 0.01170 0.58569
vt 0.01185 0.58649
vt 0.00629 0.58788
vt 0.06530 0.75003
vt 0.07046 0.74752
vt 0.07087 0.74823
vt 0.06612 0.75144
vt 0.17703 0.88362
vt 0.18102 0.87951
vt 0.18165 0.88003
vt 0.17829 0.88467
vt 0.32772 0.97095
vt 0.33006 0.96572
vt 0.33082 0.96600
vt 0.32925 0.97151
vt 0.49918 1.00147
vt 0.49959 0.99576
vt 0.50041 0.99576
vt 0.50082 1.00147
vt 0.67075 0.97151
vt 0.66918 0.96600
vt 0.66994 0.96572
vt 0.67228 0.97095
vt 0.82171 0.88467
vt 0.81835 0.88003
vt 0.81898 0.87951
vt 0.82297 0.88362
vt 0.93388 0.75144
vt 0.92913 0.74823
vt 0.92954 0.74752
vt 0.93470 0.75003
vt 0.99371 0.58788
vt 0.98815 0.58649
vt 0.98830 0.58569
vt 0.99399 0.58628
vt 0.99399 0.41373
vt 0.98830 0.41432
vt 0.98815 0.41351
vt 0.99371 0.41212
vt 0.93470 0.24997
vt 0.92954 0.25248
vt 0.92913 0.25177
vt 0.93388 0.24856
vt 0.82297 0.11638
vt 0.81898 0.12049
vt 0.81835 0.11997
vt 0.82171 0.11533
vt 0.67228 0.02905
vt 0.66994 0.03428
vt 0.66918 0.03400
vt 0.67075 0.02849
vt 0.50082 -0.00147
vt 0.50041 0.00424
vt 0.49959 0.00424
vt 0.33082 0.03400
vt 0.33006 0.03428
vt 0.18165 0.11997
vt 0.18102 0.12049
vt 0.07087 0.25177
vt 0.07046 0.25248
vt 0.01185 0.41351
vt 0.01170 0.41431
vt 0.01170 0.58569
vt 0.01185 0.58649
vt 0.07046 0.74752
vt 0.07087 0.74823
vt 0.18102 0.87951
vt 0.18165 0.88003
vt 0.33006 0.96572
vt 0.33082 0.96600
vt 0.49959 0.99576
vt 0.50041 0.99576
vt 0.66918 0.96600
vt 0.66994 0.96572
vt 0.81835 0.88003
vt 0.81898 0.87951
vt 0.92913 0.74823
vt 0.92954 0.74752
vt 0.98815 0.58649
vt 0.98830 0.58569
vt 0.98830 0.41432
vt 0.98815 0.41351
vt 0.92954 0.25248
vt 0.92913 0.25177
vt 0.81898 0.12049
vt 0.81835 0.11997
vt 0.66994 0.03428
vt 0.66918 0.03400
vt 0.50041 0.00424
vn 0.1765 -0.9520 -0.2500
vn 0.1765 -0.9520 -0.2500
vn 0.1765 -0.9520 -0.2500
vn 0.1765 -0.9520 -0.2500
vn 0.1765 -0.9520 -0.2500
vn 0.1765 -0.9520 -0.2500
vn 0.1765 -0.9520 -0.2500
vn 0.1765 -0.9520 -0.2500
vn 0.1765 -0.9520 -0.2500
vn 0.1765 -0.9520 -0.2500
vn 0.1765 -0.9520 -0.2500
vn 0.1765 -0.9520 -0.2500
vn 0.1765 -0.9520 -0.2500
vn 0.1765 -0.9520 -0.2500
vn 0.1765 -0.9520 -0.2500
vn 0.1765 -0.9520 -0.2500
vn 0.1765 -0.9520 -0.2500
vn 0.1765 -0.9520 -0.2500
vn 0.1261 0.9701 0.2075
vn 0.0930 0.9896 0.1097
vn 0.0283 0.9992 0.0275
vn -0.0600 0.9978 -0.0294
vn -0.1614 0.9854 -0.0539
vn -0.2636 0.9637 -0.0432
vn -0.3544 0.9351 0.0014
vn -0.4226 0.9032 0.0746
vn -0.4602 0.8718 0.1676
vn -0.4626 0.8448 0.2691
vn -0.4295 0.8252 0.3668
vn -0.3648 0.8156 0.4491
vn -0.2765 0.8171 0.5059
vn -0.1751 0.8294 0.5305
vn -0.0728 0.8512 0.5198
vn 0.0179 0.8797 0.4752
vn 0.0861 0.9116 0.4019
vn 0.1237 0.9430 0.3090
vn 0.9730 0.2071 -0.1018
vn 0.9652 0.1176 0.2337
vn 0.9652 0.1176 0.2337
vn 0.9730 0.2071 -0.1018
vn 0.8409 0.0139 0.5410
vn 0.8409 0.0139 0.5410
vn 0.6152 -0.0915 0.7830
vn 0.6152 -0.0915 0.7830
vn 0.3154 -0.1859 0.9306
vn 0.3154 -0.1859 0.9306
vn -0.0226 -0.2578 0.9659
vn -0.0226 -0.2578 0.9659
vn -0.3578 -0.2987 0.8848
vn -0.3578 -0.2987 0.8848
vn -0.6498 -0.3035 0.6969
vn -0.6498 -0.3035 0.6969
vn -0.8635 -0.2717 0.4250
vn -0.8635 -0.2717 0.4250
vn -0.9730 -0.2071 0.1018
vn -0.9730 -0.2071 0.1018
vn -0.9652 -0.1176 -0.2337
vn -0.9652 -0.1176 -0.2337
vn -0.8409 -0.0139 -0.5410
vn -0.8409 -0.0139 -0.5410
vn -0.6152 0.0915 -0.7830
vn -0.6152 0.0915 -0.7830
vn -0.3154 0.1859 -0.9306
vn -0.3154 0.1859 -0.9306
vn 0.0226 0.2578 -0.9659
vn 0.0226 0.2578 -0.9659
vn 0.3578 0.2987 -0.8848
vn 0.3578 0.2987 -0.8848
vn 0.6498 0.3035 -0.6969
vn 0.6498 0.3035 -0.6969
vn 0.8635 0.2717 -0.4249
vn 0.8635 0.2717 -0.4249
vn -0.1765 0.9520 0.2500
vn -0.1765 0.9520 0.2500
vn -0.1765 0.9520 0.2500
vn -0.1765 0.9520 0.2500
vn -0.1765 0.9520 0.2500
vn -0.1765 0.9520 0.2500
vn -0.1765 0.9520 0.2500
vn -0.1765 0.9520 0.2500
vn -0.1765 0.9520 0.2500
vn -0.1765 0.9520 0.2500
vn -0.1765 0.9520 0.2500
vn -0.1765 0.9520 0.2500
vn -0.1765 0.9520 0.2500
vn -0.1765 0.9520 0.2500
vn -0.1765 0.9520 0.2500
vn -0.1765 0.9520 0.2500
vn -0.1765 0.9520 0.2500
vn -0.1765 0.9520 0.2500
vn -0.1765 0.9520 0.2500
vn -0.1765 0.9520 0.2500
vn -0.1765 0.9520 0.2500
vn -0.1765 0.9520 0.2500
vn -0.1765 0.9520 0.2500
vn -0.1765 0.9520 0.2500
vn -0.1765 0.9520 0.2500
vn -0.1765 0.9520 0.2500
vn -0.1765 0.9520 0.2500
vn -0.1765 0.9520 0.2500
vn -0.1765 0.9520 0.2500
vn -0.1765 0.9520 0.2500
vn -0.1765 0.9520 0.2500
vn -0.1765 0.9520 0.2500
vn -0.1765 0.9520 0.2500
vn -0.1765 0.9520 0.2500
vn -0.1765 0.9520 0.2500
vn -0.1765 0.9520 0.2500
vn 0.1765 -0.9520 -0.2500
vn 0.1765 -0.9520 -0.2500
vn 0.1765 -0.9520 -0.2500
vn 0.1765 -0.9520 -0.2500
vn 0.1765 -0.9520 -0.2500
vn 0.1765 -0.9520 -0.2500
vn 0.1765 -0.9520 -0.2500
vn 0.1765 -0.9520 -0.2500
vn 0.1765 -0.9520 -0.2500
vn 0.1765 -0.9520 -0.2500
vn 0.1765 -0.9520 -0.2500
vn 0.1765 -0.9520 -0.2500
vn 0.1765 -0.9520 -0.2500
vn 0.1765 -0.9520 -0.2500
vn 0.1765 -0.9520 -0.2500
vn 0.1765 -0.9520 -0.2500
vn 0.1765 -0.9520 -0.2500
vn 0.1765 -0.9520 -0.2500
vn 0.1765 -0.9520 -0.2500
vn 0.1765 -0.9520 -0.2500
vn 0.1765 -0.9520 -0.2500
vn 0.1765 -0.9520 -0.2500
vn 0.1765 -0.9520 -0.2500
vn 0.1765 -0.9520 -0.2500
vn 0.1765 -0.9520 -0.2500
vn 0.1765 -0.9520 -0.2500
vn 0.1765 -0.9520 -0.2500
vn 0.1765 -0.9520 -0.2500
vn 0.1765 -0.9520 -0.2500
vn 0.1765 -0.9520 -0.2500
vn 0.1765 -0.9520 -0.2500
vn 0.1765 -0.9520 -0.2500
vn 0.1765 -0.9520 -0.2500
vn 0.1765 -0.9520 -0.2500
vn 0.1765 -0.9520 -0.2500
vn 0.1765 -0.9520 -0.2500
vn -0.9730 -0.2071 0.1018
vn -0.9652 -0.1176 -0.2337
vn -0.9579 -0.1529 -0.2428
vn -0.9663 -0.2410 0.0901
vn -0.8409 -0.0139 -0.5410
vn -0.8338 -0.0493 -0.5499
vn -0.6152 0.0915 -0.7830
vn -0.6083 0.0561 -0.7918
vn -0.3154 0.1859 -0.9306
vn -0.3086 0.1503 -0.9392
vn 0.0226 0.2578 -0.9659
vn 0.0291 0.2222 -0.9746
vn 0.3578 0.2987 -0.8848
vn 0.3641 0.2630 -0.8935
vn 0.6498 0.3035 -0.6969
vn 0.6559 0.2679 -0.7057
vn 0.8635 0.2717 -0.4249
vn 0.8695 0.2361 -0.4340
vn 0.9730 0.2071 -0.1018
vn 0.9789 0.1716 -0.1110
vn 0.9652 0.1176 0.2337
vn 0.9711 0.0821 0.2242
vn 0.8409 0.0139 0.5410
vn 0.8469 -0.0216 0.5313
vn 0.6152 -0.0915 0.7830
vn 0.6214 -0.1269 0.7732
vn 0.3154 -0.1859 0.9306
vn 0.3217 -0.2212 0.9206
vn -0.0226 -0.2578 0.9659
vn -0.0160 -0.2931 0.9560
vn -0.3546 -0.2968 0.8867
vn -0.3470 -0.3339 0.8764
vn -0.6547 -0.2887 0.6986
vn -0.6409 -0.3329 0.6917
vn -0.8661 -0.2586 0.4277
vn -0.8606 -0.2990 0.4121
vn -0.9492 -0.1887 -0.2518
vn -0.9570 -0.2784 0.0818
vn -0.8253 -0.0853 -0.5582
vn -0.6003 0.0198 -0.7996
vn -0.3012 0.1139 -0.9467
vn 0.0357 0.1856 -0.9820
vn 0.3700 0.2264 -0.9010
vn 0.6612 0.2312 -0.7137
vn 0.8743 0.1995 -0.4425
vn 0.9835 0.1351 -0.1202
vn 0.9757 0.0458 0.2143
vn 0.8518 -0.0577 0.5207
vn 0.6268 -0.1628 0.7620
vn 0.3277 -0.2568 0.9092
vn -0.0092 -0.3286 0.9444
vn -0.3435 -0.3693 0.8635
vn -0.6342 -0.3747 0.6763
vn -0.8474 -0.3435 0.4049
vn 0.7479 0.6626 0.0396
vn 0.7479 0.6626 0.0396
vn 0.7412 0.5855 0.3284
vn 0.7412 0.5855 0.3284
vn 0.6342 0.4962 0.5929
vn 0.6342 0.4962 0.5929
vn 0.4399 0.4055 0.8013
vn 0.4399 0.4055 0.8013
vn 0.1817 0.3243 0.9284
vn 0.1817 0.3243 0.9284
vn -0.1092 0.2623 0.9588
vn -0.1092 0.2623 0.9588
vn -0.3978 0.2272 0.8889
vn -0.3978 0.2272 0.8889
vn -0.6492 0.2230 0.7272
vn -0.6492 0.2230 0.7272
vn -0.8332 0.2504 0.4930
vn -0.8332 0.2504 0.4930
vn -0.9275 0.3060 0.2148
vn -0.9275 0.3060 0.2148
vn -0.9207 0.3831 -0.0740
vn -0.9207 0.3831 -0.0740
vn -0.8138 0.4724 -0.3386
vn -0.8138 0.4724 -0.3386
vn -0.6195 0.5631 -0.5469
vn -0.6195 0.5631 -0.5469
vn -0.3613 0.6443 -0.6740
vn -0.3613 0.6443 -0.6740
vn -0.0704 0.7063 -0.7044
vn -0.0704 0.7063 -0.7044
vn 0.2182 0.7414 -0.6345
vn 0.2182 0.7414 -0.6345
vn 0.4696 0.7456 -0.4728
vn 0.4696 0.7456 -0.4728
vn 0.6536 0.7182 -0.2387
vn 0.6536 0.7182 -0.2387
vn 0.9207 -0.3831 0.0740
vn 0.9207 -0.3831 0.0740
vn 0.9275 -0.3060 -0.2148
vn 0.9275 -0.3060 -0.2148
vn 0.8332 -0.2504 -0.4930
vn 0.8332 -0.2504 -0.4930
vn 0.6492 -0.2230 -0.7272
vn 0.6492 -0.2230 -0.7272
vn 0.3978 -0.2272 -0.8889
vn 0.3978 -0.2272 -0.8889
vn 0.1092 -0.2623 -0.9588
vn 0.1092 -0.2623 -0.9588
vn -0.1817 -0.3243 -0.9284
vn -0.1817 -0.3243 -0.9284
vn -0.4399 -0.4055 -0.8013
vn -0.4399 -0.4055 -0.8013
vn -0.6342 -0.4962 -0.5929
vn -0.6342 -0.4962 -0.5929
vn -0.7412 -0.5855 -0.3284
vn -0.7412 -0.5855 -0.3284
vn -0.7479 -0.6626 -0.0396
vn -0.7479 -0.6626 -0.0396
vn -0.6536 -0.7182 0.2387
vn -0.6536 -0.7182 0.2387
vn -0.4696 -0.7456 0.4728
vn -0.4696 -0.7456 0.4728
vn -0.2182 -0.7414 0.6345
vn -0.2182 -0.7414 0.6345
vn 0.0704 -0.7063 0.7044
vn 0.0704 -0.7063 0.7044
vn 0.3613 -0.6443 0.6740
vn 0.3613 -0.6443 0.6740
vn 0.6195 -0.5631 0.5469
vn 0.6195 -0.5631 0.5469
vn 0.8138 -0.4724 0.3386
vn 0.8138 -0.4724 0.3386
vn 0.9633 0.1272 0.2362
vn 0.9772 0.0309 0.2101
vn 0.9850 0.1200 -0.1240
vn 0.9712 0.2167 -0.0992
vn 0.9712 0.2167 -0.0992
vn 0.9850 0.1200 -0.1240
vn 0.8759 0.1843 -0.4458
vn 0.8617 0.2813 -0.4224
vn 0.8617 0.2813 -0.4224
vn 0.8759 0.1843 -0.4458
vn 0.6631 0.2160 -0.7167
vn 0.6480 0.3131 -0.6943
vn 0.6480 0.3131 -0.6943
vn 0.6631 0.2160 -0.7167
vn 0.3723 0.2112 -0.9038
vn 0.3560 0.3082 -0.8822
vn 0.3560 0.3082 -0.8822
vn 0.3723 0.2112 -0.9038
vn 0.0385 0.1705 -0.9846
vn 0.0208 0.2674 -0.9634
vn 0.0208 0.2674 -0.9634
vn 0.0385 0.1705 -0.9846
vn -0.2981 0.0989 -0.9494
vn -0.3171 0.1955 -0.9280
vn -0.3171 0.1955 -0.9280
vn -0.2981 0.0989 -0.9494
vn -0.5967 0.0049 -0.8024
vn -0.6170 0.1011 -0.7804
vn -0.6170 0.1011 -0.7804
vn -0.5967 0.0049 -0.8024
vn -0.8215 -0.1000 -0.5614
vn -0.8427 -0.0043 -0.5384
vn -0.8427 -0.0043 -0.5384
vn -0.8215 -0.1000 -0.5614
vn -0.9452 -0.2033 -0.2554
vn -0.9669 -0.1080 -0.2312
vn -0.9669 -0.1080 -0.2312
vn -0.9452 -0.2033 -0.2554
vn -0.9530 -0.2925 0.0787
vn -0.9747 -0.1975 0.1043
vn -0.9747 -0.1975 0.1043
vn -0.9530 -0.2925 0.0787
vn -0.8439 -0.3568 0.4006
vn -0.8652 -0.2621 0.4274
vn -0.8652 -0.2621 0.4274
vn -0.8439 -0.3568 0.4006
vn -0.6311 -0.3885 0.6714
vn -0.6516 -0.2939 0.6994
vn -0.6516 -0.2939 0.6994
vn -0.6311 -0.3885 0.6714
vn -0.3403 -0.3837 0.8585
vn -0.3595 -0.2891 0.8872
vn -0.3595 -0.2891 0.8872
vn -0.3403 -0.3837 0.8585
vn -0.0065 -0.3430 0.9393
vn -0.0243 -0.2482 0.9684
vn -0.0243 -0.2482 0.9684
vn -0.0065 -0.3430 0.9393
vn 0.3301 -0.2714 0.9041
vn 0.3136 -0.1763 0.9331
vn 0.3136 -0.1763 0.9331
vn 0.3301 -0.2714 0.9041
vn 0.6287 -0.1774 0.7571
vn 0.6134 -0.0820 0.7855
vn 0.6134 -0.0820 0.7855
vn 0.6287 -0.1774 0.7571
vn 0.8535 -0.0724 0.5161
vn 0.8391 0.0234 0.5435
vn 0.8391 0.0234 0.5435
vn 0.8535 -0.0724 0.5161
vn 0.9772 0.0309 0.2101
vn 0.9633 0.1272 0.2362
vn 0.3372 0.8802 0.3340
vn 0.3411 0.9256 0.1639
vn 0.3411 0.9256 0.1639
vn 0.2856 0.9583 0.0001
vn 0.2856 0.9583 0.0001
vn 0.1773 0.9745 -0.1378
vn 0.1773 0.9745 -0.1378
vn 0.0292 0.9720 -0.2330
vn 0.0292 0.9720 -0.2330
vn -0.1407 0.9513 -0.2742
vn -0.1407 0.9513 -0.2742
vn -0.3120 0.9149 -0.2563
vn -0.3120 0.9149 -0.2563
vn -0.4641 0.8670 -0.1815
vn -0.4641 0.8670 -0.1815
vn -0.5785 0.8136 -0.0588
vn -0.5785 0.8136 -0.0588
vn -0.6415 0.7610 0.0970
vn -0.6415 0.7610 0.0970
vn -0.6454 0.7156 0.2671
vn -0.6454 0.7156 0.2671
vn -0.5899 0.6829 0.4309
vn -0.5899 0.6829 0.4309
vn -0.4816 0.6668 0.5688
vn -0.4816 0.6668 0.5688
vn -0.3335 0.6692 0.6640
vn -0.3335 0.6692 0.6640
vn -0.1636 0.6899 0.7052
vn -0.1636 0.6899 0.7052
vn 0.0077 0.7264 0.6873
vn 0.0077 0.7264 0.6873
vn 0.1598 0.7742 0.6124
vn 0.1598 0.7742 0.6124
vn 0.2742 0.8276 0.4897
vn 0.2742 0.8276 0.4897
vn 0.3372 0.8802 0.3340
vn -0.3231 -0.9127 -0.2500
vn -0.3231 -0.9127 -0.2500
vn -0.3231 -0.9127 -0.2500
vn -0.3231 -0.9127 -0.2500
vn -0.3231 -0.9127 -0.2500
vn -0.3231 -0.9127 -0.2500
vn -0.3231 -0.9127 -0.2500
vn -0.3231 -0.9127 -0.2500
vn -0.3231 -0.9127 -0.2500
vn -0.3231 -0.9127 -0.2500
vn -0.3231 -0.9127 -0.2500
vn -0.3231 -0.9127 -0.2500
vn -0.3231 -0.9127 -0.2500
vn -0.3231 -0.9127 -0.2500
vn -0.3231 -0.9127 -0.2500
vn -0.3231 -0.9127 -0.2500
vn -0.3231 -0.9127 -0.2500
vn -0.3231 -0.9127 -0.2500
vn 0.6081 0.7670 0.2050
vn 0.5892 0.8010 0.1061
vn 0.5372 0.8431 0.0221
vn 0.4573 0.8886 -0.0356
vn 0.3599 0.9312 -0.0578
vn 0.2593 0.9649 -0.0412
vn 0.1700 0.9854 0.0095
vn 0.1021 0.9912 0.0848
vn 0.0606 0.9828 0.1742
vn 0.0474 0.9621 0.2685
vn 0.0630 0.9310 0.3597
vn 0.1070 0.8917 0.4397
vn 0.1775 0.8479 0.4995
vn 0.2689 0.8046 0.5294
vn 0.3700 0.7682 0.5225
vn 0.4663 0.7444 0.4780
vn 0.5437 0.7364 0.4026
vn 0.5925 0.7445 0.3076
vn 0.9462 -0.3075 -0.1004
vn 0.8981 -0.3791 0.2231
vn 0.8897 -0.3830 0.2484
vn 0.9462 -0.3066 -0.1036
vn 0.7492 -0.4081 0.5217
vn 0.7161 -0.4085 0.5660
vn 0.5156 -0.3913 0.7622
vn 0.4514 -0.3808 0.8070
vn 0.2217 -0.3298 0.9176
vn 0.1348 -0.3059 0.9425
vn -0.1027 -0.2288 0.9680
vn -0.1916 -0.1956 0.9618
vn -0.4213 -0.0978 0.9016
vn -0.4903 -0.0645 0.8692
vn -0.6926 0.0481 0.7197
vn -0.7307 0.0728 0.6788
vn -0.8769 0.1895 0.4417
vn -0.8883 0.2014 0.4127
vn -0.9462 0.3066 0.1036
vn -0.9462 0.3075 0.1004
vn -0.8897 0.3830 -0.2483
vn -0.8981 0.3791 -0.2231
vn -0.7161 0.4085 -0.5660
vn -0.7492 0.4081 -0.5217
vn -0.4514 0.3808 -0.8070
vn -0.5156 0.3913 -0.7622
vn -0.1348 0.3059 -0.9425
vn -0.2217 0.3298 -0.9176
vn 0.1916 0.1956 -0.9618
vn 0.1027 0.2288 -0.9680
vn 0.4903 0.0645 -0.8692
vn 0.4213 0.0978 -0.9016
vn 0.7307 -0.0728 -0.6788
vn 0.6926 -0.0481 -0.7197
vn 0.8883 -0.2014 -0.4127
vn 0.8769 -0.1895 -0.4417
vn 0.3231 0.9127 0.2500
vn 0.3231 0.9127 0.2500
vn 0.3231 0.9127 0.2500
vn 0.3231 0.9127 0.2500
vn 0.3231 0.9127 0.2500
vn 0.3231 0.9127 0.2500
vn 0.3231 0.9127 0.2500
vn 0.3231 0.9127 0.2500
vn 0.3231 0.9127 0.2500
vn 0.3231 0.9127 0.2500
vn 0.3231 0.9127 0.2500
vn 0.3231 0.9127 0.2500
vn 0.3231 0.9127 0.2500
vn 0.3231 0.9127 0.2500
vn 0.3231 0.9127 0.2500
vn 0.3231 0.9127 0.2500
vn 0.3231 0.9127 0.2500
vn 0.3231 0.9127 0.2500
vn 0.3231 0.9127 0.2500
vn 0.3231 0.9127 0.2500
vn 0.3231 0.9127 0.2500
vn 0.3231 0.9127 0.2500
vn 0.3231 0.9127 0.2500
vn 0.3231 0.9127 0.2500
vn 0.3231 0.9127 0.2500
vn 0.3231 0.9127 0.2500
vn 0.3231 0.9127 0.2500
vn 0.3231 0.9127 0.2500
vn 0.3231 0.9127 0.2500
vn 0.3231 0.9127 0.2500
vn 0.3231 0.9127 0.2500
vn 0.3231 0.9127 0.2500
vn 0.3231 0.9127 0.2500
vn 0.3231 0.9127 0.2500
vn 0.3231 0.9127 0.2500
vn 0.3231 0.9127 0.2500
vn -0.3231 -0.9127 -0.2500
vn -0.3231 -0.9127 -0.2500
vn -0.3231 -0.9127 -0.2500
vn -0.3231 -0.9127 -0.2500
vn -0.3231 -0.9127 -0.2500
vn -0.3231 -0.9127 -0.2500
vn -0.3231 -0.9127 -0.2500
vn -0.3231 -0.9127 -0.2500
vn -0.3231 -0.9127 -0.2500
vn -0.3231 -0.9127 -0.2500
vn -0.3231 -0.9127 -0.2500
vn -0.3231 -0.9127 -0.2500
vn -0.3231 -0.9127 -0.2500
vn -0.3231 -0.9127 -0.2500
vn -0.3231 -0.9127 -0.2500
vn -0.3231 -0.9127 -0.2500
vn -0.3231 -0.9127 -0.2500
vn -0.3231 -0.9127 -0.2500
vn -0.3231 -0.9127 -0.2500
vn -0.3231 -0.9127 -0.2500
vn -0.3231 -0.9127 -0.2500
vn -0.3231 -0.9127 -0.2500
vn -0.3231 -0.9127 -0.2500
vn -0.3231 -0.9127 -0.2500
vn -0.3231 -0.9127 -0.2500
vn -0.3231 -0.9127 -0.2500
vn -0.3231 -0.9127 -0.2500
vn -0.3231 -0.9127 -0.2500
vn -0.3231 -0.9127 -0.2500
vn -0.3231 -0.9127 -0.2500
vn -0.3231 -0.9127 -0.2500
vn -0.3231 -0.9127 -0.2500
vn -0.3231 -0.9127 -0.2500
vn -0.3231 -0.9127 -0.2500
vn -0.3231 -0.9127 -0.2500
vn -0.3231 -0.9127 -0.2500
vn -0.9462 0.3066 0.1036
vn -0.8897 0.3830 -0.2483
vn -0.9057 0.3447 -0.2467
vn -0.9581 0.2721 0.0895
vn -0.7161 0.4085 -0.5660
vn -0.7438 0.3720 -0.5553
vn -0.4514 0.3808 -0.8070
vn -0.4945 0.3501 -0.7955
vn -0.1348 0.3059 -0.9425
vn -0.1903 0.2832 -0.9400
vn 0.1916 0.1956 -0.9618
vn 0.1334 0.1796 -0.9747
vn 0.4903 0.0645 -0.8692
vn 0.4416 0.0500 -0.8958
vn 0.7307 -0.0728 -0.6788
vn 0.6983 -0.0912 -0.7100
vn 0.8883 -0.2014 -0.4127
vn 0.8703 -0.2267 -0.4373
vn 0.9462 -0.3075 -0.1004
vn 0.9343 -0.3388 -0.1109
vn 0.8981 -0.3791 0.2231
vn 0.8817 -0.4130 0.2282
vn 0.7492 -0.4081 0.5217
vn 0.7194 -0.4403 0.5372
vn 0.5156 -0.3913 0.7622
vn 0.4694 -0.4180 0.7778
vn 0.2217 -0.3298 0.9176
vn 0.1642 -0.3505 0.9220
vn -0.1027 -0.2288 0.9680
vn -0.1596 -0.2467 0.9559
vn -0.4186 -0.0973 0.9030
vn -0.4636 -0.1192 0.8780
vn -0.6892 0.0637 0.7218
vn -0.7181 0.0263 0.6955
vn -0.8729 0.2018 0.4442
vn -0.8941 0.1666 0.4156
vn -0.9201 0.3093 -0.2402
vn -0.9680 0.2377 0.0805
vn -0.7725 0.3384 -0.5373
vn -0.5402 0.3220 -0.7775
vn -0.2467 0.2608 -0.9333
vn 0.0781 0.1597 -0.9841
vn 0.3969 0.0286 -0.9174
vn 0.6675 -0.1171 -0.7354
vn 0.8506 -0.2579 -0.4582
vn 0.9193 -0.3743 -0.1220
vn 0.8633 -0.4503 0.2280
vn 0.6908 -0.4759 0.5444
vn 0.4270 -0.4484 0.7852
vn 0.1103 -0.3735 0.9210
vn -0.2164 -0.2631 0.9402
vn -0.5148 -0.1319 0.8471
vn -0.7541 0.0042 0.6567
vn -0.9108 0.1317 0.3914
vn 0.9790 0.2004 0.0376
vn 0.9790 0.1994 0.0414
vn 0.9391 0.1387 0.3143
vn 0.9297 0.1342 0.3429
vn 0.8139 0.1129 0.5699
vn 0.7801 0.1124 0.6155
vn 0.6126 0.1264 0.7802
vn 0.5560 0.1356 0.8200
vn 0.3541 0.1802 0.9177
vn 0.2898 0.1980 0.9364
vn 0.0679 0.2699 0.9605
vn 0.0130 0.2905 0.9568
vn -0.2091 0.3850 0.8989
vn -0.2451 0.4024 0.8820
vn -0.4397 0.5105 0.7389
vn -0.4570 0.5218 0.7204
vn -0.5933 0.6301 0.5010
vn -0.5979 0.6351 0.4890
vn -0.6502 0.7285 0.2157
vn -0.6503 0.7288 0.2144
vn -0.6036 0.7932 -0.0809
vn -0.6070 0.7916 -0.0706
vn -0.4591 0.8160 -0.3512
vn -0.4737 0.8159 -0.3316
vn -0.2350 0.7940 -0.5607
vn -0.2674 0.7993 -0.5381
vn 0.0392 0.7301 -0.6822
vn -0.0125 0.7445 -0.6675
vn 0.3266 0.6335 -0.7015
vn 0.2634 0.6572 -0.7061
vn 0.5898 0.5179 -0.6196
vn 0.5314 0.5463 -0.6475
vn 0.7981 0.3983 -0.4520
vn 0.7604 0.4229 -0.4929
vn 0.9312 0.2886 -0.2227
vn 0.9186 0.3019 -0.2551
vn 0.6070 -0.7916 0.0706
vn 0.6036 -0.7932 0.0809
vn 0.6502 -0.7285 -0.2156
vn 0.6503 -0.7288 -0.2144
vn 0.5933 -0.6301 -0.5010
vn 0.5979 -0.6351 -0.4890
vn 0.4397 -0.5105 -0.7389
vn 0.4570 -0.5218 -0.7204
vn 0.2091 -0.3850 -0.8989
vn 0.2451 -0.4024 -0.8820
vn -0.0679 -0.2699 -0.9605
vn -0.0130 -0.2905 -0.9568
vn -0.3541 -0.1802 -0.9177
vn -0.2898 -0.1980 -0.9364
vn -0.6126 -0.1264 -0.7802
vn -0.5560 -0.1356 -0.8200
vn -0.8139 -0.1129 -0.5699
vn -0.7801 -0.1124 -0.6155
vn -0.9391 -0.1387 -0.3143
vn -0.9297 -0.1342 -0.3429
vn -0.9790 -0.1994 -0.0414
vn -0.9790 -0.2004 -0.0376
vn -0.9312 -0.2886 0.2227
vn -0.9186 -0.3019 0.2551
vn -0.7981 -0.3983 0.4520
vn -0.7604 -0.4229 0.4929
vn -0.5898 -0.5179 0.6196
vn -0.5314 -0.5463 0.6475
vn -0.3266 -0.6335 0.7015
vn -0.2634 -0.6572 0.7061
vn -0.0392 -0.7301 0.6823
vn 0.0125 -0.7445 0.6675
vn 0.2350 -0.7940 0.5607
vn 0.2674 -0.7993 0.5381
vn 0.4591 -0.8160 0.3512
vn 0.4737 -0.8159 0.3316
vn 0.9013 -0.3698 0.2255
vn 0.8632 -0.4559 0.2169
vn 0.9161 -0.3816 -0.1228
vn 0.9494 -0.2983 -0.0979
vn 0.9494 -0.2983 -0.0979
vn 0.9161 -0.3816 -0.1228
vn 0.8517 -0.2692 -0.4496
vn 0.8916 -0.1923 -0.4100
vn 0.8916 -0.1923 -0.4100
vn 0.8517 -0.2692 -0.4496
vn 0.6787 -0.1338 -0.7221
vn 0.7341 -0.0637 -0.6761
vn 0.7341 -0.0637 -0.6761
vn 0.6787 -0.1338 -0.7221
vn 0.4212 0.0062 -0.9069
vn 0.4937 0.0736 -0.8665
vn 0.4937 0.0736 -0.8665
vn 0.4212 0.0062 -0.9069
vn 0.1131 0.1325 -0.9847
vn 0.1950 0.2047 -0.9592
vn 0.1950 0.2047 -0.9592
vn 0.1131 0.1325 -0.9847
vn -0.2093 0.2313 -0.9501
vn -0.1315 0.3150 -0.9399
vn -0.1315 0.3150 -0.9399
vn -0.2093 0.2313 -0.9501
vn -0.5117 0.2941 -0.8073
vn -0.4483 0.3900 -0.8043
vn -0.4483 0.3900 -0.8043
vn -0.5117 0.2941 -0.8073
vn -0.7599 0.3137 -0.5693
vn -0.7129 0.4177 -0.5633
vn -0.7129 0.4177 -0.5633
vn -0.7599 0.3137 -0.5693
vn -0.9218 0.2857 -0.2622
vn -0.8865 0.3922 -0.2457
vn -0.8865 0.3922 -0.2457
vn -0.9218 0.2857 -0.2622
vn -0.9744 0.2114 0.0760
vn -0.9429 0.3158 0.1061
vn -0.9429 0.3158 0.1061
vn -0.9744 0.2114 0.0760
vn -0.9103 0.1000 0.4016
vn -0.8737 0.1987 0.4441
vn -0.8737 0.1987 0.4441
vn -0.9103 0.1000 0.4016
vn -0.7389 -0.0335 0.6729
vn -0.6895 0.0574 0.7220
vn -0.6895 0.0574 0.7220
vn -0.7389 -0.0335 0.6729
vn -0.4843 -0.1708 0.8581
vn -0.4182 -0.0885 0.9040
vn -0.4182 -0.0885 0.9040
vn -0.4843 -0.1708 0.8581
vn -0.1789 -0.2954 0.9385
vn -0.0994 -0.2196 0.9705
vn -0.0994 -0.2196 0.9705
vn -0.1789 -0.2954 0.9385
vn 0.1438 -0.3955 0.9071
vn 0.2251 -0.3207 0.9200
vn 0.2251 -0.3207 0.9200
vn 0.1438 -0.3955 0.9071
vn 0.4491 -0.4611 0.7653
vn 0.5191 -0.3822 0.7645
vn 0.5191 -0.3822 0.7645
vn 0.4491 -0.4611 0.7653
vn 0.7001 -0.4830 0.5259
vn 0.7525 -0.3989 0.5240
vn 0.7525 -0.3989 0.5240
vn 0.7001 -0.4830 0.5259
vn 0.8632 -0.4559 0.2169
vn 0.9013 -0.3698 0.2255
vn 0.7302 0.5928 0.3398
vn 0.7582 0.6313 0.1631
vn 0.7582 0.6313 0.1631
vn 0.7240 0.6898 -0.0064
vn 0.7240 0.6898 -0.0064
vn 0.6336 0.7598 -0.1455
vn 0.6336 0.7598 -0.1455
vn 0.5015 0.8319 -0.2377
vn 0.5015 0.8319 -0.2377
vn 0.3451 0.8974 -0.2748
vn 0.3451 0.8974 -0.2748
vn 0.1821 0.9497 -0.2548
vn 0.1821 0.9497 -0.2548
vn 0.0300 0.9832 -0.1803
vn 0.0300 0.9832 -0.1803
vn -0.0942 0.9938 -0.0588
vn -0.0942 0.9938 -0.0588
vn -0.1749 0.9798 0.0966
vn -0.1749 0.9798 0.0966
vn -0.2011 0.9424 0.2671
vn -0.2011 0.9424 0.2671
vn -0.1693 0.8862 0.4313
vn -0.1693 0.8862 0.4313
vn -0.0839 0.8183 0.5686
vn -0.0839 0.8183 0.5686
vn 0.0436 0.7474 0.6630
vn 0.0436 0.7474 0.6630
vn 0.1974 0.6815 0.7047
vn 0.1974 0.6815 0.7047
vn 0.3605 0.6277 0.6899
vn 0.3605 0.6277 0.6899
vn 0.5157 0.5921 0.6192
vn 0.5157 0.5921 0.6192
vn 0.6448 0.5795 0.4984
vn 0.6448 0.5795 0.4984
vn 0.7302 0.5928 0.3398
vn 0.0929 -0.9791 0.1807
vn 0.0929 -0.9791 0.1807
vn 0.0929 -0.9791 0.1807
vn 0.0929 -0.9791 0.1807
vn 0.0929 -0.9791 0.1807
vn 0.0929 -0.9791 0.1807
vn 0.0929 -0.9791 0.1807
vn 0.0929 -0.9791 0.1807
vn 0.0929 -0.9791 0.1807
vn 0.0929 -0.9791 0.1807
vn 0.0929 -0.9791 0.1807
vn 0.0929 -0.9791 0.1807
vn 0.0929 -0.9791 0.1807
vn 0.0929 -0.9791 0.1807
vn 0.0929 -0.9791 0.1807
vn 0.0929 -0.9791 0.1807
vn 0.0929 -0.9791 0.1807
vn 0.0929 -0.9791 0.1807
vn 0.2163 0.9505 -0.2232
vn 0.1858 0.9275 -0.3244
vn 0.1212 0.9051 -0.4075
vn 0.0316 0.8861 -0.4625
vn -0.0719 0.8724 -0.4835
vn -0.1774 0.8656 -0.4683
vn -0.2724 0.8668 -0.4177
vn -0.3441 0.8763 -0.3373
vn -0.3822 0.8929 -0.2379
vn -0.3822 0.9143 -0.1340
vn -0.3463 0.9373 -0.0395
vn -0.2817 0.9589 0.0352
vn -0.1972 0.9768 0.0840
vn -0.1014 0.9894 0.1035
vn -0.0031 0.9958 0.0919
vn 0.0885 0.9949 0.0490
vn 0.1624 0.9864 -0.0232
vn 0.2078 0.9711 -0.1178
vn 0.9816 0.0596 -0.1815
vn 0.9804 0.1216 0.1549
vn 0.9612 0.1355 0.2404
vn 0.9920 0.0754 -0.1010
vn 0.8615 0.1700 0.4784
vn 0.8174 0.1786 0.5477
vn 0.6331 0.1982 0.7482
vn 0.5813 0.2007 0.7886
vn 0.3203 0.2013 0.9257
vn 0.2807 0.1999 0.9388
vn -0.0368 0.1780 0.9833
vn -0.0510 0.1766 0.9830
vn -0.3900 0.1312 0.9114
vn -0.3768 0.1335 0.9166
vn -0.6910 0.0673 0.7197
vn -0.6603 0.0753 0.7472
vn -0.8999 -0.0049 0.4361
vn -0.8699 0.0085 0.4932
vn -0.9920 -0.0754 0.1010
vn -0.9816 -0.0596 0.1815
vn -0.9612 -0.1355 -0.2404
vn -0.9804 -0.1216 -0.1549
vn -0.8174 -0.1786 -0.5477
vn -0.8615 -0.1700 -0.4784
vn -0.5813 -0.2007 -0.7886
vn -0.6331 -0.1982 -0.7482
vn -0.2807 -0.1999 -0.9388
vn -0.3203 -0.2012 -0.9257
vn 0.0510 -0.1766 -0.9830
vn 0.0368 -0.1780 -0.9833
vn 0.3768 -0.1335 -0.9166
vn 0.3900 -0.1312 -0.9114
vn 0.6603 -0.0753 -0.7472
vn 0.6910 -0.0673 -0.7197
vn 0.8699 -0.0085 -0.4932
vn 0.8999 0.0049 -0.4361
vn -0.0929 0.9791 -0.1807
vn -0.0929 0.9791 -0.1807
vn -0.0929 0.9791 -0.1807
vn -0.0929 0.9791 -0.1807
vn -0.0929 0.9791 -0.1807
vn -0.0929 0.9791 -0.1807
vn -0.0929 0.9791 -0.1807
vn -0.0929 0.9791 -0.1807
vn -0.0929 0.9791 -0.1807
vn -0.0929 0.9791 -0.1807
vn -0.0929 0.9791 -0.1807
vn -0.0929 0.9791 -0.1807
vn -0.0929 0.9791 -0.1807
vn -0.0929 0.9791 -0.1807
vn -0.0929 0.9791 -0.1807
vn -0.0929 0.9791 -0.1807
vn -0.0929 0.9791 -0.1807
vn -0.0929 0.9791 -0.1807
vn -0.0929 0.9791 -0.1807
vn -0.0929 0.9791 -0.1807
vn -0.0929 0.9791 -0.1807
vn -0.0929 0.9791 -0.1807
vn -0.0929 0.9791 -0.1807
vn -0.0929 0.9791 -0.1807
vn -0.0929 0.9791 -0.1807
vn -0.0929 0.9791 -0.1807
vn -0.0929 0.9791 -0.1807
vn -0.0929 0.9791 -0.1807
vn -0.0929 0.9791 -0.1807
vn -0.0929 0.9791 -0.1807
vn -0.0929 0.9791 -0.1807
vn -0.0929 0.9791 -0.1807
vn -0.0929 0.9791 -0.1807
vn -0.0929 0.9791 -0.1807
vn -0.0929 0.9791 -0.1807
vn -0.0929 0.9791 -0.1807
vn 0.0929 -0.9791 0.1807
vn 0.0929 -0.9791 0.1807
vn 0.0929 -0.9791 0.1807
vn 0.0929 -0.9791 0.1807
vn 0.0929 -0.9791 0.1807
vn 0.0929 -0.9791 0.1807
vn 0.0929 -0.9791 0.1807
vn 0.0929 -0.9791 0.1807
vn 0.0929 -0.9791 0.1807
vn 0.0929 -0.9791 0.1807
vn 0.0929 -0.9791 0.1807
vn 0.0929 -0.9791 0.1807
vn 0.0929 -0.9791 0.1807
vn 0.0929 -0.9791 0.1807
vn 0.0929 -0.9791 0.1807
vn 0.0929 -0.9791 0.1807
vn 0.0929 -0.9791 0.1807
vn 0.0929 -0.9791 0.1807
vn 0.0929 -0.9791 0.1807
vn 0.0929 -0.9791 0.1807
vn 0.0929 -0.9791 0.1807
vn 0.0929 -0.9791 0.1807
vn 0.0929 -0.9791 0.1807
vn 0.0929 -0.9791 0.1807
vn 0.0929 -0.9791 0.1807
vn 0.0929 -0.9791 0.1807
vn 0.0929 -0.9791 0.1807
vn 0.0929 -0.9791 0.1807
vn 0.0929 -0.9791 0.1807
vn 0.0929 -0.9791 0.1807
vn 0.0929 -0.9791 0.1807
vn 0.0929 -0.9791 0.1807
vn 0.0929 -0.9791 0.1807
vn 0.0929 -0.9791 0.1807
vn 0.0929 -0.9791 0.1807
vn 0.0929 -0.9791 0.1807
vn -0.9920 -0.0754 0.1010
vn -0.9612 -0.1355 -0.2404
vn -0.9679 -0.1648 -0.1899
vn -0.9839 -0.1046 0.1450
vn -0.8174 -0.1786 -0.5477
vn -0.8377 -0.2094 -0.5045
vn -0.5813 -0.2007 -0.7886
vn -0.6062 -0.2340 -0.7601
vn -0.2807 -0.1999 -0.9388
vn -0.2991 -0.2350 -0.9248
vn 0.0510 -0.1766 -0.9830
vn 0.0464 -0.2117 -0.9762
vn 0.3768 -0.1335 -0.9166
vn 0.3871 -0.1665 -0.9069
vn 0.6603 -0.0753 -0.7472
vn 0.6802 -0.1053 -0.7254
vn 0.8699 -0.0085 -0.4932
vn 0.8894 -0.0359 -0.4556
vn 0.9816 0.0596 -0.1815
vn 0.9907 0.0327 -0.1322
vn 0.9804 0.1216 0.1549
vn 0.9743 0.0924 0.2055
vn 0.8615 0.1700 0.4784
vn 0.8435 0.1367 0.5194
vn 0.6331 0.1982 0.7482
vn 0.6121 0.1610 0.7742
vn 0.3203 0.2013 0.9257
vn 0.3055 0.1618 0.9383
vn -0.0368 0.1780 0.9833
vn -0.0396 0.1384 0.9896
vn -0.3864 0.1338 0.9126
vn -0.3760 0.0937 0.9219
vn -0.6940 0.0815 0.7153
vn -0.6708 0.0385 0.7406
vn -0.9019 0.0083 0.4318
vn -0.8855 -0.0315 0.4636
vn -0.9708 -0.1946 -0.1403
vn -0.9715 -0.1334 0.1957
vn -0.8518 -0.2431 -0.4640
vn -0.6234 -0.2711 -0.7334
vn -0.3113 -0.2741 -0.9099
vn 0.0442 -0.2510 -0.9670
vn 0.3954 -0.2045 -0.8955
vn 0.6951 -0.1408 -0.7049
vn 0.9038 -0.0689 -0.4224
vn 0.9961 0.0017 -0.0877
vn 0.9653 0.0618 0.2539
vn 0.8211 0.1048 0.5611
vn 0.5850 0.1267 0.8011
vn 0.2854 0.1258 0.9501
vn -0.0444 0.1025 0.9937
vn -0.3682 0.0597 0.9278
vn -0.6499 0.0014 0.7600
vn -0.8592 -0.0657 0.5074
vn 0.8063 0.5613 -0.1867
vn 0.7980 0.5491 -0.2485
vn 0.7960 0.6035 0.0471
vn 0.7835 0.6127 0.1031
vn 0.6893 0.6455 0.3290
vn 0.6646 0.6504 0.3678
vn 0.4891 0.6691 0.5595
vn 0.4637 0.6704 0.5793
vn 0.2205 0.6711 0.7078
vn 0.2029 0.6705 0.7136
vn -0.0821 0.6510 0.7546
vn -0.0880 0.6505 0.7544
vn -0.3801 0.6116 0.6939
vn -0.3745 0.6125 0.6961
vn -0.6360 0.5577 0.5334
vn -0.6223 0.5612 0.5456
vn -0.8171 0.4961 0.2935
vn -0.8024 0.5028 0.3215
vn -0.9005 0.4349 0.0053
vn -0.8947 0.4439 0.0504
vn -0.8764 0.3820 -0.2934
vn -0.8891 0.3912 -0.2375
vn -0.7509 0.3440 -0.5638
vn -0.7850 0.3506 -0.5107
vn -0.5438 0.3249 -0.7738
vn -0.5903 0.3271 -0.7379
vn -0.2836 0.3261 -0.9018
vn -0.3235 0.3247 -0.8888
vn -0.0010 0.3463 -0.9381
vn -0.0162 0.3448 -0.9386
vn 0.2749 0.3828 -0.8820
vn 0.2891 0.3852 -0.8764
vn 0.5171 0.4321 -0.7388
vn 0.5481 0.4401 -0.7113
vn 0.6995 0.4895 -0.5207
vn 0.7265 0.5015 -0.4698
vn 0.8891 -0.3912 0.2375
vn 0.8764 -0.3820 0.2934
vn 0.9005 -0.4349 -0.0053
vn 0.8947 -0.4439 -0.0504
vn 0.8171 -0.4961 -0.2935
vn 0.8024 -0.5027 -0.3215
vn 0.6360 -0.5577 -0.5334
vn 0.6223 -0.5612 -0.5456
vn 0.3801 -0.6116 -0.6939
vn 0.3745 -0.6125 -0.6961
vn 0.0821 -0.6510 -0.7546
vn 0.0880 -0.6505 -0.7544
vn -0.2205 -0.6711 -0.7078
vn -0.2029 -0.6705 -0.7136
vn -0.4891 -0.6691 -0.5595
vn -0.4637 -0.6704 -0.5793
vn -0.6893 -0.6455 -0.3290
vn -0.6646 -0.6504 -0.3678
vn -0.7960 -0.6035 -0.0471
vn -0.7835 -0.6127 -0.1031
vn -0.7980 -0.5491 0.2485
vn -0.8063 -0.5613 0.1867
vn -0.6995 -0.4895 0.5207
vn -0.7265 -0.5015 0.4698
vn -0.5171 -0.4321 0.7388
vn -0.5481 -0.4401 0.7113
vn -0.2749 -0.3828 0.8820
vn -0.2891 -0.3852 0.8764
vn 0.0010 -0.3463 0.9381
vn 0.0162 -0.3448 0.9386
vn 0.2836 -0.3261 0.9018
vn 0.3235 -0.3247 0.8888
vn 0.5438 -0.3249 0.7738
vn 0.5903 -0.3271 0.7379
vn 0.7509 -0.3440 0.5638
vn 0.7850 -0.3506 0.5107
vn 0.9795 0.1314 0.1529
vn 0.9754 0.0399 0.2170
vn 0.9927 -0.0163 -0.1193
vn 0.9806 0.0694 -0.1836
vn 0.9806 0.0694 -0.1836
vn 0.9927 -0.0163 -0.1193
vn 0.8928 -0.0830 -0.4427
vn 0.8688 0.0013 -0.4952
vn 0.8688 0.0013 -0.4952
vn 0.8928 -0.0830 -0.4427
vn 0.6843 -0.1518 -0.7132
vn 0.6592 -0.0655 -0.7491
vn 0.6592 -0.0655 -0.7491
vn 0.6843 -0.1518 -0.7132
vn 0.3912 -0.2130 -0.8953
vn 0.3757 -0.1236 -0.9184
vn 0.3757 -0.1236 -0.9184
vn 0.3912 -0.2130 -0.8953
vn 0.0500 -0.2582 -0.9648
vn 0.0501 -0.1667 -0.9847
vn 0.0501 -0.1667 -0.9847
vn 0.0500 -0.2582 -0.9648
vn -0.2958 -0.2816 -0.9128
vn -0.2814 -0.1900 -0.9406
vn -0.2814 -0.1900 -0.9406
vn -0.2958 -0.2816 -0.9128
vn -0.6023 -0.2810 -0.7471
vn -0.5820 -0.1908 -0.7905
vn -0.5820 -0.1908 -0.7905
vn -0.6023 -0.2810 -0.7471
vn -0.8322 -0.2580 -0.4909
vn -0.8181 -0.1688 -0.5497
vn -0.8181 -0.1688 -0.5497
vn -0.8322 -0.2580 -0.4909
vn -0.9601 -0.2163 -0.1770
vn -0.9620 -0.1257 -0.2424
vn -0.9620 -0.1257 -0.2424
vn -0.9601 -0.2163 -0.1770
vn -0.9742 -0.1606 0.1583
vn -0.9929 -0.0656 0.0992
vn -0.9929 -0.0656 0.0992
vn -0.9742 -0.1606 0.1583
vn -0.8728 -0.0957 0.4787
vn -0.9007 0.0050 0.4344
vn -0.9007 0.0050 0.4344
vn -0.8728 -0.0957 0.4787
vn -0.6647 -0.0286 0.7466
vn -0.6918 0.0772 0.7180
vn -0.6918 0.0772 0.7180
vn -0.6647 -0.0286 0.7466
vn -0.3728 0.0316 0.9274
vn -0.3909 0.1411 0.9096
vn -0.3909 0.1411 0.9096
vn -0.3728 0.0316 0.9274
vn -0.0332 0.0765 0.9965
vn -0.0378 0.1879 0.9815
vn -0.0378 0.1879 0.9815
vn -0.0332 0.0765 0.9965
vn 0.3107 0.1005 0.9452
vn 0.3192 0.2111 0.9239
vn 0.3192 0.2111 0.9239
vn 0.3107 0.1005 0.9452
vn 0.6154 0.1014 0.7816
vn 0.6320 0.2080 0.7465
vn 0.6320 0.2080 0.7465
vn 0.6154 0.1014 0.7816
vn 0.8450 0.0803 0.5287
vn 0.8605 0.1799 0.4766
vn 0.8605 0.1799 0.4766
vn 0.8450 0.0803 0.5287
vn 0.9754 0.0399 0.2170
vn 0.9795 0.1314 0.1529
vn 0.4110 0.9103 -0.0487
vn 0.4217 0.8798 -0.2193
vn 0.4217 0.8798 -0.2193
vn 0.3726 0.8447 -0.3842
vn 0.3726 0.8447 -0.3842
vn 0.2672 0.8090 -0.5236
vn 0.2672 0.8090 -0.5236
vn 0.1165 0.7773 -0.6183
vn 0.1165 0.7773 -0.6183
vn -0.0602 0.7539 -0.6543
vn -0.0602 0.7539 -0.6543
vn -0.2384 0.7421 -0.6265
vn -0.2384 0.7421 -0.6265
vn -0.3946 0.7431 -0.5404
vn -0.3946 0.7431 -0.5404
vn -0.5104 0.7564 -0.4091
vn -0.5104 0.7564 -0.4091
vn -0.5742 0.7798 -0.2492
vn -0.5742 0.7798 -0.2492
vn -0.5801 0.8107 -0.0791
vn -0.5801 0.8107 -0.0791
vn -0.5274 0.8456 0.0827
vn -0.5274 0.8456 0.0827
vn -0.4215 0.8804 0.2172
vn -0.4215 0.8804 0.2172
vn -0.2740 0.9112 0.3078
vn -0.2740 0.9112 0.3078
vn -0.1028 0.9338 0.3426
vn -0.1028 0.9338 0.3426
vn 0.0708 0.9456 0.3174
vn 0.0708 0.9456 0.3174
vn 0.2254 0.9453 0.2359
vn 0.2254 0.9453 0.2359
vn 0.3431 0.9330 0.1089
vn 0.3431 0.9330 0.1089
vn 0.4110 0.9103 -0.0487
vn -0.3296 -0.9266 0.1807
vn -0.3296 -0.9266 0.1807
vn -0.3296 -0.9266 0.1807
vn -0.3296 -0.9266 0.1807
vn -0.3296 -0.9266 0.1807
vn -0.3296 -0.9266 0.1807
vn -0.3296 -0.9266 0.1807
vn -0.3296 -0.9266 0.1807
vn -0.3296 -0.9266 0.1807
vn -0.3296 -0.9266 0.1807
vn -0.3296 -0.9266 0.1807
vn -0.3296 -0.9266 0.1807
vn -0.3296 -0.9266 0.1807
vn -0.3296 -0.9266 0.1807
vn -0.3296 -0.9266 0.1807
vn -0.3296 -0.9266 0.1807
vn -0.3296 -0.9266 0.1807
vn -0.3296 -0.9266 0.1807
vn 0.6053 0.7632 -0.2262
vn 0.5664 0.7576 -0.3243
vn 0.5005 0.7654 -0.4045
vn 0.4133 0.7859 -0.4600
vn 0.3127 0.8179 -0.4830
vn 0.2116 0.8585 -0.4671
vn 0.1265 0.9022 -0.4124
vn 0.0714 0.9418 -0.3286
vn 0.0515 0.9715 -0.2314
vn 0.0637 0.9888 -0.1350
vn 0.1020 0.9936 -0.0482
vn 0.1614 0.9866 0.0239
vn 0.2380 0.9682 0.0766
vn 0.3277 0.9390 0.1043
vn 0.4232 0.9005 0.0998
vn 0.5121 0.8570 0.0577
vn 0.5784 0.8155 -0.0197
vn 0.6105 0.7829 -0.1199
vn 0.9192 -0.3587 -0.1624
vn 0.9388 -0.3015 0.1663
vn 0.9282 -0.2831 0.2415
vn 0.9287 -0.3527 -0.1146
vn 0.8535 -0.2106 0.4767
vn 0.8088 -0.1784 0.5604
vn 0.6698 -0.0946 0.7365
vn 0.5940 -0.0547 0.8026
vn 0.4017 0.0356 0.9151
vn 0.3155 0.0723 0.9462
vn 0.0759 0.1648 0.9834
vn 0.0045 0.1899 0.9818
vn -0.2653 0.2746 0.9242
vn -0.3069 0.2862 0.9077
vn -0.5736 0.3486 0.7413
vn -0.5844 0.3506 0.7318
vn -0.8054 0.3759 0.4584
vn -0.7966 0.3757 0.4735
vn -0.9287 0.3527 0.1146
vn -0.9192 0.3587 0.1624
vn -0.9282 0.2831 -0.2415
vn -0.9388 0.3015 -0.1663
vn -0.8088 0.1784 -0.5604
vn -0.8535 0.2106 -0.4767
vn -0.5940 0.0547 -0.8026
vn -0.6698 0.0946 -0.7365
vn -0.3155 -0.0723 -0.9462
vn -0.4017 -0.0356 -0.9151
vn -0.0045 -0.1899 -0.9818
vn -0.0759 -0.1648 -0.9834
vn 0.3069 -0.2862 -0.9077
vn 0.2653 -0.2746 -0.9242
vn 0.5844 -0.3506 -0.7318
vn 0.5736 -0.3486 -0.7413
vn 0.7966 -0.3757 -0.4735
vn 0.8054 -0.3759 -0.4584
vn 0.3296 0.9266 -0.1807
vn 0.3296 0.9266 -0.1807
vn 0.3296 0.9266 -0.1807
vn 0.3296 0.9266 -0.1807
vn 0.3296 0.9266 -0.1807
vn 0.3296 0.9266 -0.1807
vn 0.3296 0.9266 -0.1807
vn 0.3296 0.9266 -0.1807
vn 0.3296 0.9266 -0.1807
vn 0.3296 0.9266 -0.1807
vn 0.3296 0.9266 -0.1807
vn 0.3296 0.9266 -0.1807
vn 0.3296 0.9266 -0.1807
vn 0.3296 0.9266 -0.1807
vn 0.3296 0.9266 -0.1807
vn 0.3296 0.9266 -0.1807
vn 0.3296 0.9266 -0.1807
vn 0.3296 0.9266 -0.1807
vn 0.3296 0.9266 -0.1807
vn 0.3296 0.9266 -0.1807
vn 0.3296 0.9266 -0.1807
vn 0.3296 0.9266 -0.1807
vn 0.3296 0.9266 -0.1807
vn 0.3296 0.9266 -0.1807
vn 0.3296 0.9266 -0.1807
vn 0.3296 0.9266 -0.1807
vn 0.3296 0.9266 -0.1807
vn 0.3296 0.9266 -0.1807
vn 0.3296 0.9266 -0.1807
vn 0.3296 0.9266 -0.1807
vn 0.3296 0.9266 -0.1807
vn 0.3296 0.9266 -0.1807
vn 0.3296 0.9266 -0.1807
vn 0.3296 0.9266 -0.1807
vn 0.3296 0.9266 -0.1807
vn 0.3296 0.9266 -0.1807
vn -0.3296 -0.9266 0.1807
vn -0.3296 -0.9266 0.1807
vn -0.3296 -0.9266 0.1807
vn -0.3296 -0.9266 0.1807
vn -0.3296 -0.9266 0.1807
vn -0.3296 -0.9266 0.1807
vn -0.3296 -0.9266 0.1807
vn -0.3296 -0.9266 0.1807
vn -0.3296 -0.9266 0.1807
vn -0.3296 -0.9266 0.1807
vn -0.3296 -0.9266 0.1807
vn -0.3296 -0.9266 0.1807
vn -0.3296 -0.9266 0.1807
vn -0.3296 -0.9266 0.1807
vn -0.3296 -0.9266 0.1807
vn -0.3296 -0.9266 0.1807
vn -0.3296 -0.9266 0.1807
vn -0.3296 -0.9266 0.1807
vn -0.3296 -0.9266 0.1807
vn -0.3296 -0.9266 0.1807
vn -0.3296 -0.9266 0.1807
vn -0.3296 -0.9266 0.1807
vn -0.3296 -0.9266 0.1807
vn -0.3296 -0.9266 0.1807
vn -0.3296 -0.9266 0.1807
vn -0.3296 -0.9266 0.1807
vn -0.3296 -0.9266 0.1807
vn -0.3296 -0.9266 0.1807
vn -0.3296 -0.9266 0.1807
vn -0.3296 -0.9266 0.1807
vn -0.3296 -0.9266 0.1807
vn -0.3296 -0.9266 0.1807
vn -0.3296 -0.9266 0.1807
vn -0.3296 -0.9266 0.1807
vn -0.3296 -0.9266 0.1807
vn -0.3296 -0.9266 0.1807
vn -0.9287 0.3527 0.1146
vn -0.9282 0.2831 -0.2415
vn -0.9462 0.2546 -0.1998
vn -0.9373 0.3189 0.1405
vn -0.8088 0.1784 -0.5604
vn -0.8435 0.1579 -0.5134
vn -0.5940 0.0547 -0.8026
vn -0.6456 0.0409 -0.7626
vn -0.3155 -0.0723 -0.9462
vn -0.3740 -0.0854 -0.9235
vn -0.0045 -0.1899 -0.9818
vn -0.0556 -0.2084 -0.9765
vn 0.3069 -0.2862 -0.9077
vn 0.2721 -0.3120 -0.9103
vn 0.5844 -0.3506 -0.7318
vn 0.5665 -0.3818 -0.7303
vn 0.7966 -0.3757 -0.4735
vn 0.7895 -0.4080 -0.4585
vn 0.9192 -0.3587 -0.1624
vn 0.9127 -0.3876 -0.1295
vn 0.9388 -0.3015 0.1663
vn 0.9216 -0.3237 0.2142
vn 0.8535 -0.2106 0.4767
vn 0.8181 -0.2264 0.5286
vn 0.6698 -0.0946 0.7365
vn 0.6193 -0.1089 0.7776
vn 0.4017 0.0356 0.9151
vn 0.3478 0.0170 0.9374
vn 0.0759 0.1648 0.9834
vn 0.0301 0.1393 0.9898
vn -0.2619 0.2757 0.9249
vn -0.2934 0.2414 0.9250
vn -0.5704 0.3633 0.7367
vn -0.5862 0.3166 0.7458
vn -0.8016 0.3882 0.4547
vn -0.8149 0.3449 0.4659
vn -0.9612 0.2318 -0.1495
vn -0.9412 0.2876 0.1773
vn -0.8767 0.1413 -0.4598
vn -0.6931 0.0251 -0.7204
vn -0.4243 -0.1054 -0.8994
vn -0.0984 -0.2346 -0.9671
vn 0.2415 -0.3439 -0.9074
vn 0.5477 -0.4173 -0.7252
vn 0.7779 -0.4444 -0.4442
vn 0.9010 -0.4215 -0.1027
vn 0.9012 -0.3523 0.2523
vn 0.7823 -0.2477 0.5716
vn 0.5669 -0.1237 0.8144
vn 0.2877 0.0035 0.9577
vn -0.0230 0.1208 0.9924
vn -0.3326 0.2164 0.9179
vn -0.6080 0.2796 0.7431
vn -0.8189 0.3040 0.4868
vn 0.9684 0.1683 -0.1839
vn 0.9564 0.1610 -0.2436
vn 0.9772 0.2086 0.0392
vn 0.9664 0.2280 0.1191
vn 0.9047 0.2879 0.3141
vn 0.8668 0.3155 0.3861
vn 0.7407 0.3915 0.5460
vn 0.6894 0.4187 0.5911
vn 0.5015 0.5070 0.7010
vn 0.4552 0.5269 0.7177
vn 0.2181 0.6185 0.7549
vn 0.1871 0.6295 0.7542
vn -0.0713 0.7108 0.6998
vn -0.0865 0.7150 0.6937
vn -0.3291 0.7721 0.5436
vn -0.3327 0.7728 0.5405
vn -0.5233 0.7950 0.3069
vn -0.5204 0.7949 0.3119
vn -0.6297 0.7766 0.0188
vn -0.6262 0.7788 0.0364
vn -0.6342 0.7189 -0.2846
vn -0.6388 0.7272 -0.2514
vn -0.5353 0.6292 -0.5636
vn -0.5598 0.6470 -0.5176
vn -0.3473 0.5198 -0.7805
vn -0.4000 0.5476 -0.7349
vn -0.0986 0.4063 -0.9084
vn -0.1742 0.4385 -0.8817
vn 0.1758 0.3034 -0.9365
vn 0.0987 0.3303 -0.9387
vn 0.4424 0.2219 -0.8689
vn 0.3898 0.2364 -0.8900
vn 0.6742 0.1689 -0.7190
vn 0.6592 0.1717 -0.7321
vn 0.8508 0.1480 -0.5042
vn 0.8628 0.1477 -0.4834
vn 0.6388 -0.7272 0.2514
vn 0.6342 -0.7189 0.2846
vn 0.6297 -0.7766 -0.0188
vn 0.6262 -0.7788 -0.0364
vn 0.5233 -0.7950 -0.3069
vn 0.5204 -0.7949 -0.3119
vn 0.3291 -0.7721 -0.5436
vn 0.3327 -0.7728 -0.5405
vn 0.0713 -0.7108 -0.6998
vn 0.0865 -0.7150 -0.6937
vn -0.2181 -0.6185 -0.7549
vn -0.1871 -0.6295 -0.7541
vn -0.5015 -0.5070 -0.7010
vn -0.4552 -0.5269 -0.7177
vn -0.7407 -0.3915 -0.5460
vn -0.6894 -0.4187 -0.5911
vn -0.9047 -0.2879 -0.3141
vn -0.8668 -0.3155 -0.3861
vn -0.9772 -0.2086 -0.0392
vn -0.9664 -0.2280 -0.1191
vn -0.9564 -0.1610 0.2436
vn -0.9684 -0.1683 0.1839
vn -0.8508 -0.1479 0.5042
vn -0.8628 -0.1477 0.4834
vn -0.6742 -0.1689 0.7190
vn -0.6592 -0.1717 0.7321
vn -0.4424 -0.2219 0.8689
vn -0.3898 -0.2365 0.8900
vn -0.1757 -0.3034 0.9365
vn -0.0987 -0.3303 0.9387
vn 0.0986 -0.4063 0.9084
vn 0.1742 -0.4385 0.8817
vn 0.3473 -0.5198 0.7805
vn 0.4000 -0.5476 0.7349
vn 0.5353 -0.6292 0.5636
vn 0.5598 -0.6470 0.5176
vn 0.9422 -0.2923 0.1641
vn 0.9025 -0.3667 0.2260
vn 0.8947 -0.4309 -0.1178
vn 0.9224 -0.3494 -0.1645
vn 0.9224 -0.3494 -0.1645
vn 0.8947 -0.4309 -0.1178
vn 0.7717 -0.4518 -0.4475
vn 0.7999 -0.3664 -0.4754
vn 0.7999 -0.3664 -0.4754
vn 0.7717 -0.4518 -0.4475
vn 0.5483 -0.4255 -0.7200
vn 0.5878 -0.3413 -0.7335
vn 0.5878 -0.3413 -0.7335
vn 0.5483 -0.4255 -0.7200
vn 0.2531 -0.3552 -0.8998
vn 0.3104 -0.2769 -0.9094
vn 0.3104 -0.2769 -0.9094
vn 0.2531 -0.3552 -0.8998
vn -0.0749 -0.2513 -0.9650
vn -0.0008 -0.1807 -0.9835
vn -0.0008 -0.1807 -0.9835
vn -0.0749 -0.2513 -0.9650
vn -0.3929 -0.1297 -0.9104
vn -0.3119 -0.0631 -0.9480
vn -0.3119 -0.0631 -0.9480
vn -0.3929 -0.1297 -0.9104
vn -0.6632 -0.0078 -0.7484
vn -0.5905 0.0640 -0.8045
vn -0.5905 0.0640 -0.8045
vn -0.6632 -0.0078 -0.7484
vn -0.8597 0.1031 -0.5003
vn -0.8055 0.1877 -0.5621
vn -0.8055 0.1877 -0.5621
vn -0.8597 0.1031 -0.5003
vn -0.9623 0.1954 -0.1893
vn -0.9249 0.2925 -0.2431
vn -0.9249 0.2925 -0.2431
vn -0.9623 0.1954 -0.1893
vn -0.9542 0.2575 0.1521
vn -0.9253 0.3621 0.1131
vn -0.9253 0.3621 0.1131
vn -0.9542 0.2575 0.1521
vn -0.8318 0.2777 0.4806
vn -0.8019 0.3852 0.4566
vn -0.8019 0.3852 0.4566
vn -0.8318 0.2777 0.4806
vn -0.6089 0.2514 0.7523
vn -0.5703 0.3579 0.7393
vn -0.5703 0.3579 0.7393
vn -0.6089 0.2514 0.7523
vn -0.3148 0.1820 0.9316
vn -0.2622 0.2840 0.9223
vn -0.2622 0.2840 0.9223
vn -0.3148 0.1820 0.9316
vn 0.0111 0.0802 0.9967
vn 0.0790 0.1742 0.9815
vn 0.0790 0.1742 0.9815
vn 0.0111 0.0802 0.9967
vn 0.3266 -0.0377 0.9444
vn 0.4049 0.0449 0.9133
vn 0.4049 0.0449 0.9133
vn 0.3266 -0.0377 0.9444
vn 0.5973 -0.1576 0.7864
vn 0.6732 -0.0853 0.7346
vn 0.6732 -0.0853 0.7346
vn 0.5973 -0.1576 0.7864
vn 0.7973 -0.2707 0.5394
vn 0.8569 -0.2014 0.4746
vn 0.8569 -0.2014 0.4746
vn 0.7973 -0.2707 0.5394
vn 0.9025 -0.3667 0.2260
vn 0.9422 -0.2923 0.1641
vn 0.7558 0.6537 -0.0385
vn 0.7550 0.6197 -0.2143
vn 0.7550 0.6197 -0.2143
vn 0.6928 0.6081 -0.3876
vn 0.6928 0.6081 -0.3876
vn 0.5745 0.6221 -0.5320
vn 0.5745 0.6221 -0.5320
vn 0.4187 0.6594 -0.6244
vn 0.4187 0.6594 -0.6244
vn 0.2501 0.7134 -0.6546
vn 0.2501 0.7134 -0.6546
vn 0.0906 0.7761 -0.6240
vn 0.0906 0.7761 -0.6240
vn -0.0434 0.8402 -0.5406
vn -0.0434 0.8402 -0.5406
vn -0.1402 0.8992 -0.4144
vn -0.1402 0.8992 -0.4144
vn -0.1898 0.9475 -0.2572
vn -0.1898 0.9475 -0.2572
vn -0.1844 0.9791 -0.0854
vn -0.1844 0.9791 -0.0854
vn -0.1220 0.9893 0.0803
vn -0.1220 0.9893 0.0803
vn -0.0093 0.9760 0.2177
vn -0.0093 0.9760 0.2177
vn 0.1390 0.9410 0.3087
vn 0.1390 0.9410 0.3087
vn 0.3028 0.8893 0.3427
vn 0.3028 0.8893 0.3427
vn 0.4616 0.8281 0.3182
vn 0.4616 0.8281 0.3182
vn 0.5984 0.7642 0.2406
vn 0.5984 0.7642 0.2406
vn 0.7002 0.7040 0.1182
vn 0.7002 0.7040 0.1182
vn 0.7558 0.6537 -0.0385
f 1/1/1 2/2/2 3/3/3
f 3/3/3 4/4/4 5/5/5
f 5/5/5 6/6/6 7/7/7
f 3/3/3 5/5/5 7/7/7
f 7/7/7 8/8/8 9/9/9
f 9/9/9 10/10/10 11/11/11
f 7/7/7 9/9/9 11/11/11
f 11/11/11 12/12/12 13/13/13
f 13/13/13 14/14/14 15/15/15
f 11/11/11 13/13/13 15/15/15
f 7/7/7 11/11/11 15/15/15
f 3/3/3 7/7/7 15/15/15
f 15/15/15 16/16/16 17/17/17
f 3/3/3 15/15/15 17/17/17
f 1/1/1 3/3/3 17/17/17
f 18/18/18 1/1/1 17/17/17
f 19/19/19 20/20/20 21/21/21
f 21/21/21 22/22/22 23/23/23
f 23/23/23 24/24/24 25/25/25
f 21/21/21 23/23/23 25/25/25
f 25/25/25 26/26/26 27/27/27
f 27/27/27 28/28/28 29/29/29
f 25/25/25 27/27/27 29/29/29
f 29/29/29 30/30/30 31/31/31
f 31/31/31 32/32/32 33/33/33
f 29/29/29 31/31/31 33/33/33
f 25/25/25 29/29/29 33/33/33
f 21/21/21 25/25/25 33/33/33
f 33/33/33 34/34/34 35/35/35
f 21/21/21 33/33/33 35/35/35
f 19/19/19 21/21/21 35/35/35
f 36/36/36 19/19/19 35/35/35
f 37/37/37 38/38/38 39/39/39
f 39/39/39 40/40/40 37/37/37
f 38/38/38 41/41/41 42/42/42
f 42/42/42 39/39/39 38/38/38
f 41/41/41 43/43/43 44/44/44
f 44/44/44 42/42/42 41/41/41
f 43/43/43 45/45/45 46/46/46
f 46/46/46 44/44/44 43/43/43
f 45/45/45 47/47/47 48/48/48
f 48/48/48 46/46/46 45/45/45
f 47/47/47 49/49/49 50/50/50
f 50/50/50 48/48/48 47/47/47
f 49/49/49 51/51/51 52/52/52
f 52/52/52 50/50/50 49/49/49
f 51/51/51 53/53/53 54/54/54
f 54/54/54 52/52/52 51/51/51
f 53/53/53 55/55/55 56/56/56
f 56/56/56 54/54/54 53/53/53
f 55/55/55 57/57/57 58/58/58
f 58/58/58 56/56/56 55/55/55
f 57/57/57 59/59/59 60/60/60
f 60/60/60 58/58/58 57/57/57
f 59/59/59 61/61/61 62/62/62
f 62/62/62 60/60/60 59/59/59
f 61/61/61 63/63/63 64/64/64
f 64/64/64 62/62/62 61/61/61
f 63/63/63 65/65/65 66/66/66
f 66/66/66 64/64/64 63/63/63
f 65/65/65 67/67/67 68/68/68
f 68/68/68 66/66/66 65/65/65
f 67/67/67 69/69/69 70/70/70
f 70/70/70 68/68/68 67/67/67
f 69/69/69 71/71/71 72/72/72
f 72/72/72 70/70/70 69/69/69
f 71/71/71 37/37/37 40/40/40
f 40/40/40 72/72/72 71/71/71
f 73/73/73 74/74/74 75/75/75
f 75/75/75 76/76/76 73/73/73
f 74/74/74 77/77/77 78/78/78
f 78/78/78 75/75/75 74/74/74
f 77/77/77 79/79/79 80/80/80
f 80/80/80 78/78/78 77/77/77
f 79/79/79 81/81/81 82/82/82
f 82/82/82 80/80/80 79/79/79
f 81/81/81 83/83/83 84/84/84
f 84/84/84 82/82/82 81/81/81
f 83/83/83 85/85/85 86/86/86
f 86/86/86 84/84/84 83/83/83
f 85/85/85 87/87/87 88/88/88
f 88/88/88 86/86/86 85/85/85
f 87/87/87 89/89/89 90/90/90
f 90/90/90 88/88/88 87/87/87
f 89/89/89 91/91/91 92/92/92
f 92/92/92 90/90/90 89/89/89
f 91/91/91 93/93/93 94/94/94
f 94/94/94 92/92/92 91/91/91
f 93/93/93 95/95/95 96/96/96
f 96/96/96 94/94/94 93/93/93
f 95/95/95 97/97/97 98/98/98
f 98/98/98 96/96/96 95/95/95
f 97/97/97 99/99/99 100/100/100
f 100/100/100 98/98/98 97/97/97
f 99/99/99 101/101/101 102/102/102
f 102/102/102 100/100/100 99/99/99
f 101/101/101 103/103/103 104/104/104
f 104/104/104 102/102/102 101/101/101
f 103/103/103 105/105/105 106/106/106
f 106/106/106 104/104/104 103/103/103
f 105/105/105 107/107/107 108/108/108
f 108/108/108 106/106/106 105/105/105
f 107/107/107 73/73/73 76/76/76
f 76/76/76 108/108/108 107/107/107
f 109/109/109 110/110/110 111/111/111
f 111/111/111 112/112/112 109/109/109
f 110/110/110 113/113/113 114/114/114
f 114/114/114 111/111/111 110/110/110
f 113/113/113 115/115/115 116/116/116
f 116/116/116 114/114/114 113/113/113
f 115/115/115 117/117/117 118/118/118
f 118/118/118 116/116/116 115/115/115
f 117/117/117 119/119/119 120/120/120
f 120/120/120 118/118/118 117/117/117
f 119/119/119 121/121/121 122/122/122
f 122/122/122 120/120/120 119/119/119
f 121/121/121 123/123/123 124/124/124
f 124/124/124 122/122/122 121/121/121
f 123/123/123 125/125/125 126/126/126
f 126/126/126 124/124/124 123/123/123
f 125/125/125 127/127/127 128/128/128
f 128/128/128 126/126/126 125/125/125
f 127/127/127 129/129/129 130/130/130
f 130/130/130 128/128/128 127/127/127
f 129/129/129 131/131/131 132/132/132
f 132/132/132 130/130/130 129/129/129
f 131/131/131 133/133/133 134/134/134
f 134/134/134 132/132/132 131/131/131
f 133/133/133 135/135/135 136/136/136
f 136/136/136 134/134/134 133/133/133
f 135/135/135 137/137/137 138/138/138
f 138/138/138 136/136/136 135/135/135
f 137/137/137 139/139/139 140/140/140
f 140/140/140 138/138/138 137/137/137
f 139/139/139 141/141/141 142/142/142
f 142/142/142 140/140/140 139/139/139
f 141/141/141 143/143/143 144/144/144
f 144/144/144 142/142/142 141/141/141
f 143/143/143 109/109/109 112/112/112
f 112/112/112 144/144/144 143/143/143
f 145/145/145 146/146/146 147/147/147
f 147/147/147 148/148/148 145/145/145
f 146/146/146 149/149/149 150/150/150
f 150/150/150 147/147/147 146/146/146
f 149/149/149 151/151/151 152/152/152
f 152/152/152 150/150/150 149/149/149
f 151/151/151 153/153/153 154/154/154
f 154/154/154 152/152/152 151/151/151
f 153/153/153 155/155/155 156/156/156
f 156/156/156 154/154/154 153/153/153
f 155/155/155 157/157/157 158/158/158
f 158/158/158 156/156/156 155/155/155
f 157/157/157 159/159/159 160/160/160
f 160/160/160 158/158/158 157/157/157
f 159/159/159 161/161/161 162/162/162
f 162/162/162 160/160/160 159/159/159
f 161/161/161 163/163/163 164/164/164
f 164/164/164 162/162/162 161/161/161
f 163/163/163 165/165/165 166/166/166
f 166/166/166 164/164/164 163/163/163
f 165/165/165 167/167/167 168/168/168
f 168/168/168 166/166/166 165/165/165
f 167/167/167 169/169/169 170/170/170
f 170/170/170 168/168/168 167/167/167
f 169/169/169 171/171/171 172/172/172
f 172/172/172 170/170/170 169/169/169
f 171/171/171 173/173/173 174/174/174
f 174/174/174 172/172/172 171/171/171
f 173/173/173 175/175/175 176/176/176
f 176/176/176 174/174/174 173/173/173
f 175/175/175 177/177/177 178/178/178
f 178/178/178 176/176/176 175/175/175
f 177/177/177 179/179/179 180/180/180
f 180/180/180 178/178/178 177/177/177
f 179/179/179 145/145/145 148/148/148
f 148/148/148 180/180/180 179/179/179
f 148/148/148 147/147/147 181/181/181
f 181/181/181 182/182/182 148/148/148
f 147/147/147 150/150/150 183/183/183
f 183/183/183 181/181/181 147/147/147
f 150/150/150 152/152/152 184/184/184
f 184/184/184 183/183/183 150/150/150
f 152/152/152 154/154/154 185/185/185
f 185/185/185 184/184/184 152/152/152
f 154/154/154 156/156/156 186/186/186
f 186/186/186 185/185/185 154/154/154
f 156/156/156 158/158/158 187/187/187
f 187/187/187 186/186/186 156/156/156
f 158/158/158 160/160/160 188/188/188
f 188/188/188 187/187/187 158/158/158
f 160/160/160 162/162/162 189/189/189
f 189/189/189 188/188/188 160/160/160
f 162/162/162 164/164/164 190/190/190
f 190/190/190 189/189/189 162/162/162
f 164/164/164 166/166/166 191/191/191
f 191/191/191 190/190/190 164/164/164
f 166/166/166 168/168/168 192/192/192
f 192/192/192 191/191/191 166/166/166
f 168/168/168 170/170/170 193/193/193
f 193/193/193 192/192/192 168/168/168
f 170/170/170 172/172/172 194/194/194
f 194/194/194 193/193/193 170/170/170
f 172/172/172 174/174/174 195/195/195
f 195/195/195 194/194/194 172/172/172
f 174/174/174 176/176/176 196/196/196
f 196/196/196 195/195/195 174/174/174
f 176/176/176 178/178/178 197/197/197
f 197/197/197 196/196/196 176/176/176
f 178/178/178 180/180/180 198/198/198
f 198/198/198 197/197/197 178/178/178
f 180/180/180 148/148/148 182/182/182
f 182/182/182 198/198/198 180/180/180
f 199/199/199 200/200/200 201/201/201
f 201/201/201 202/202/202 199/199/199
f 202/202/202 201/201/201 203/203/203
f 203/203/203 204/204/204 202/202/202
f 204/204/204 203/203/203 205/205/205
f 205/205/205 206/206/206 204/204/204
f 206/206/206 205/205/205 207/207/207
f 207/207/207 208/208/208 206/206/206
f 208/208/208 207/207/207 209/209/209
f 209/209/209 210/210/210 208/208/208
f 210/210/210 209/209/209 211/211/211
f 211/211/211 212/212/212 210/210/210
f 212/212/212 211/211/211 213/213/213
f 213/213/213 214/214/214 212/212/212
f 214/214/214 213/213/213 215/215/215
f 215/215/215 216/216/216 214/214/214
f 216/216/216 215/215/215 217/217/217
f 217/217/217 218/218/218 216/216/216
f 218/218/218 217/217/217 219/219/219
f 219/219/219 220/220/220 218/218/218
f 220/220/220 219/219/219 221/221/221
f 221/221/221 222/222/222 220/220/220
f 222/222/222 221/221/221 223/223/223
f 223/223/223 224/224/224 222/222/222
f 224/224/224 223/223/223 225/225/225
f 225/225/225 226/226/226 224/224/224
f 226/226/226 225/225/225 227/227/227
f 227/227/227 228/228/228 226/226/226
f 228/228/228 227/227/227 229/229/229
f 229/229/229 230/230/230 228/228/228
f 230/230/230 229/229/229 231/231/231
f 231/231/231 232/232/232 230/230/230
f 232/232/232 231/231/231 233/233/233
f 233/233/233 234/234/234 232/232/232
f 234/234/234 233/233/233 200/200/200
f 200/200/200 199/199/199 234/234/234
f 235/235/235 236/236/236 237/237/237
f 237/237/237 238/238/238 235/235/235
f 238/238/238 237/237/237 239/239/239
f 239/239/239 240/240/240 238/238/238
f 240/240/240 239/239/239 241/241/241
f 241/241/241 242/242/242 240/240/240
f 242/242/242 241/241/241 243/243/243
f 243/243/243 244/244/244 242/242/242
f 244/244/244 243/243/243 245/245/245
f 245/245/245 246/246/246 244/244/244
f 246/246/246 245/245/245 247/247/247
f 247/247/247 248/248/248 246/246/246
f 248/248/248 247/247/247 249/249/249
f 249/249/249 250/250/250 248/248/248
f 250/250/250 249/249/249 251/251/251
f 251/251/251 252/252/252 250/250/250
f 252/252/252 251/251/251 253/253/253
f 253/253/253 254/254/254 252/252/252
f 254/254/254 253/253/253 255/255/255
f 255/255/255 256/256/256 254/254/254
f 256/256/256 255/255/255 257/257/257
f 257/257/257 258/258/258 256/256/256
f 258/258/258 257/257/257 259/259/259
f 259/259/259 260/260/260 258/258/258
f 260/260/260 259/259/259 261/261/261
f 261/261/261 262/262/262 260/260/260
f 262/262/262 261/261/261 263/263/263
f 263/263/263 264/264/264 262/262/262
f 264/264/264 263/263/263 265/265/265
f 265/265/265 266/266/266 264/264/264
f 266/266/266 265/265/265 267/267/267
f 267/267/267 268/268/268 266/266/266
f 268/268/268 267/267/267 269/269/269
f 269/269/269 270/270/270 268/268/268
f 270/270/270 269/269/269 236/236/236
f 236/236/236 235/235/235 270/270/270
f 271/271/271 272/272/272 273/273/273
f 273/273/273 274/274/274 271/271/271
f 275/275/275 276/276/276 277/277/277
f 277/277/277 278/278/278 275/275/275
f 279/279/279 280/280/280 281/281/281
f 281/281/281 282/282/282 279/279/279
f 283/283/283 284/284/284 285/285/285
f 285/285/285 286/286/286 283/283/283
f 287/287/287 288/288/288 289/289/289
f 289/289/289 290/290/290 287/287/287
f 291/291/291 292/292/292 293/293/293
f 293/293/293 294/294/294 291/291/291
f 295/295/295 296/296/296 297/297/297
f 297/297/297 298/298/298 295/295/295
f 299/299/299 300/300/300 301/301/301
f 301/301/301 302/302/302 299/299/299
f 303/303/303 304/304/304 305/305/305
f 305/305/305 306/306/306 303/303/303
f 307/307/307 308/308/308 309/309/309
f 309/309/309 310/310/310 307/307/307
f 311/311/311 312/312/312 313/313/313
f 313/313/313 314/314/314 311/311/311
f 315/315/315 316/316/316 317/317/317
f 317/317/317 318/318/318 315/315/315
f 319/319/319 320/320/320 321/321/321
f 321/321/321 322/322/322 319/319/319
f 323/323/323 324/324/324 325/325/325
f 325/325/325 326/326/326 323/323/323
f 327/327/327 328/328/328 329/329/329
f 329/329/329 330/330/330 327/327/327
f 331/331/331 332/332/332 333/333/333
f 333/333/333 334/334/334 331/331/331
f 335/335/335 336/336/336 337/337/337
f 337/337/337 338/338/338 335/335/335
f 339/339/339 340/340/340 341/341/341
f 341/341/341 342/342/342 339/339/339
f 36/36/36 343/343/343 344/344/344
f 344/344/344 19/19/19 36/36/36
f 19/19/19 345/345/345 346/346/346
f 346/346/346 20/20/20 19/19/19
f 20/20/20 347/347/347 348/348/348
f 348/348/348 21/21/21 20/20/20
f 21/21/21 349/349/349 350/350/350
f 350/350/350 22/22/22 21/21/21
f 22/22/22 351/351/351 352/352/352
f 352/352/352 23/23/23 22/22/22
f 23/23/23 353/353/353 354/354/354
f 354/354/354 24/24/24 23/23/23
f 24/24/24 355/355/355 356/356/356
f 356/356/356 25/25/25 24/24/24
f 25/25/25 357/357/357 358/358/358
f 358/358/358 26/26/26 25/25/25
f 26/26/26 359/359/359 360/360/360
f 360/360/360 27/27/27 26/26/26
f 27/27/27 361/361/361 362/362/362
f 362/362/362 28/28/28 27/27/27
f 28/28/28 363/363/363 364/364/364
f 364/364/364 29/29/29 28/28/28
f 29/29/29 365/365/365 366/366/366
f 366/366/366 30/30/30 29/29/29
f 30/30/30 367/367/367 368/368/368
f 368/368/368 31/31/31 30/30/30
f 31/31/31 369/369/369 370/370/370
f 370/370/370 32/32/32 31/31/31
f 32/32/32 371/371/371 372/372/372
f 372/372/372 33/33/33 32/32/32
f 33/33/33 373/373/373 374/374/374
f 374/374/374 34/34/34 33/33/33
f 34/34/34 375/375/375 376/376/376
f 376/376/376 35/35/35 34/34/34
f 35/35/35 377/377/377 378/378/378
f 378/378/378 36/36/36 35/35/35
f 379/379/379 380/380/380 381/381/381
f 381/381/381 382/382/382 383/383/383
f 383/383/383 384/384/384 385/385/385
f 381/381/381 383/383/383 385/385/385
f 385/385/385 386/386/386 387/387/387
f 387/387/387 388/388/388 389/389/389
f 385/385/385 387/387/387 389/389/389
f 389/389/389 390/390/390 391/391/391
f 391/391/391 392/392/392 393/393/393
f 389/389/389 391/391/391 393/393/393
f 385/385/385 389/389/389 393/393/393
f 381/381/381 385/385/385 393/393/393
f 393/393/393 394/394/394 395/395/395
f 381/381/381 393/393/393 395/395/395
f 379/379/379 381/381/381 395/395/395
f 396/396/396 379/379/379 395/395/395
f 397/397/397 398/398/398 399/399/399
f 399/399/399 400/400/400 401/401/401
f 401/401/401 402/402/402 403/403/403
f 399/399/399 401/401/401 403/403/403
f 403/403/403 404/404/404 405/405/405
f 405/405/405 406/406/406 407/407/407
f 403/403/403 405/405/405 407/407/407
f 407/407/407 408/408/408 409/409/409
f 409/409/409 410/410/410 411/411/411
f 407/407/407 409/409/409 411/411/411
f 403/403/403 407/407/407 411/411/411
f 399/399/399 403/403/403 411/411/411
f 411/411/411 412/412/412 413/413/413
f 399/399/399 411/411/411 413/413/413
f 397/397/397 399/399/399 413/413/413
f 414/414/414 397/397/397 413/413/413
f 415/415/415 416/416/416 417/417/417
f 417/417/417 418/418/418 415/415/415
f 416/416/416 419/419/419 420/420/420
f 420/420/420 417/417/417 416/416/416
f 419/419/419 421/421/421 422/422/422
f 422/422/422 420/420/420 419/419/419
f 421/421/421 423/423/423 424/424/424
f 424/424/424 422/422/422 421/421/421
f 423/423/423 425/425/425 426/426/426
f 426/426/426 424/424/424 423/423/423
f 425/425/425 427/427/427 428/428/428
f 428/428/428 426/426/426 425/425/425
f 427/427/427 429/429/429 430/430/430
f 430/430/430 428/428/428 427/427/427
f 429/429/429 431/431/431 432/432/432
f 432/432/432 430/430/430 429/429/429
f 431/431/431 433/433/433 434/434/434
f 434/434/434 432/432/432 431/431/431
f 433/433/433 435/435/435 436/436/436
f 436/436/436 434/434/434 433/433/433
f 435/435/435 437/437/437 438/438/438
f 438/438/438 436/436/436 435/435/435
f 437/437/437 439/439/439 440/440/440
f 440/440/440 438/438/438 437/437/437
f 439/439/439 441/441/441 442/442/442
f 442/442/442 440/440/440 439/439/439
f 441/441/441 443/443/443 444/444/444
f 444/444/444 442/442/442 441/441/441
f 443/443/443 445/445/445 446/446/446
f 446/446/446 444/444/444 443/443/443
f 445/445/445 447/447/447 448/448/448
f 448/448/448 446/446/446 445/445/445
f 447/447/447 449/449/449 450/450/450
f 450/450/450 448/448/448 447/447/447
f 449/449/449 415/415/415 418/418/418
f 418/418/418 450/450/450 449/449/449
f 451/451/451 452/452/452 453/453/453
f 453/453/453 454/454/454 451/451/451
f 452/452/452 455/455/455 456/456/456
f 456/456/456 453/453/453 452/452/452
f 455/455/455 457/457/457 458/458/458
f 458/458/458 456/456/456 455/455/455
f 457/457/457 459/459/459 460/460/460
f 460/460/460 458/458/458 457/457/457
f 459/459/459 461/461/461 462/462/462
f 462/462/462 460/460/460 459/459/459
f 461/461/461 463/463/463 464/464/464
f 464/464/464 462/462/462 461/461/461
f 463/463/463 465/465/465 466/466/466
f 466/466/466 464/464/464 463/463/463
f 465/465/465 467/467/467 468/468/468
f 468/468/468 466/466/466 465/465/465
f 467/467/467 469/469/469 470/470/470
f 470/470/470 468/468/468 467/467/467
f 469/469/469 471/471/471 472/472/472
f 472/472/472 470/470/470 469/469/469
f 471/471/471 473/473/473 474/474/474
f 474/474/474 472/472/472 471/471/471
f 473/473/473 475/475/475 476/476/476
f 476/476/476 474/474/474 473/473/473
f 475/475/475 477/477/477 478/478/478
f 478/478/478 476/476/476 475/475/475
f 477/477/477 479/479/479 480/480/480
f 480/480/480 478/478/478 477/477/477
f 479/479/479 481/481/481 482/482/482
f 482/482/482 480/480/480 479/479/479
f 481/481/481 483/483/483 484/484/484
f 484/484/484 482/482/482 481/481/481
f 483/483/483 485/485/485 486/486/486
f 486/486/486 484/484/484 483/483/483
f 485/485/485 451/451/451 454/454/454
f 454/454/454 486/486/486 485/485/485
f 487/487/487 488/488/488 489/489/489
f 489/489/489 490/490/490 487/487/487
f 488/488/488 491/491/491 492/492/492
f 492/492/492 489/489/489 488/488/488
f 491/491/491 493/493/493 494/494/494
f 494/494/494 492/492/492 491/491/491
f 493/493/493 495/495/495 496/496/496
f 496/496/496 494/494/494 493/493/493
f 495/495/495 497/497/497 498/498/498
f 498/498/498 496/496/496 495/495/495
f 497/497/497 499/499/499 500/500/500
f 500/500/500 498/498/498 497/497/497
f 499/499/499 501/501/501 502/502/502
f 502/502/502 500/500/500 499/499/499
f 501/501/501 503/503/503 504/504/504
f 504/504/504 502/502/502 501/501/501
f 503/503/503 505/505/505 506/506/506
f 506/506/506 504/504/504 503/503/503
f 505/505/505 507/507/507 508/508/508
f 508/508/508 506/506/506 505/505/505
f 507/507/507 509/509/509 510/510/510
f 510/510/510 508/508/508 507/507/507
f 509/509/509 511/511/511 512/512/512
f 512/512/512 510/510/510 509/509/509
f 511/511/511 513/513/513 514/514/514
f 514/514/514 512/512/512 511/511/511
f 513/513/513 515/515/515 516/516/516
f 516/516/516 514/514/514 513/513/513
f 515/515/515 517/517/517 518/518/518
f 518/518/518 516/516/516 515/515/515
f 517/517/517 519/519/519 520/520/520
f 520/520/520 518/518/518 517/517/517
f 519/519/519 521/521/521 522/522/522
f 522/522/522 520/520/520 519/519/519
f 521/521/521 487/487/487 490/490/490
f 490/490/490 522/522/522 521/521/521
f 523/523/523 524/524/524 525/525/525
f 525/525/525 526/526/526 523/523/523
f 524/524/524 527/527/527 528/528/528
f 528/528/528 525/525/525 524/524/524
f 527/527/527 529/529/529 530/530/530
f 530/530/530 528/528/528 527/527/527
f 529/529/529 531/531/531 532/532/532
f 532/532/532 530/530/530 529/529/529
f 531/531/531 533/533/533 534/534/534
f 534/534/534 532/532/532 531/531/531
f 533/533/533 535/535/535 536/536/536
f 536/536/536 534/534/534 533/533/533
f 535/535/535 537/537/537 538/538/538
f 538/538/538 536/536/536 535/535/535
f 537/537/537 539/539/539 540/540/540
f 540/540/540 538/538/538 537/537/537
f 539/539/539 541/541/541 542/542/542
f 542/542/542 540/540/540 539/539/539
f 541/541/541 543/543/543 544/544/544
f 544/544/544 542/542/542 541/541/541
f 543/543/543 545/545/545 546/546/546
f 546/546/546 544/544/544 543/543/543
f 545/545/545 547/547/547 548/548/548
f 548/548/548 546/546/546 545/545/545
f 547/547/547 549/549/549 550/550/550
f 550/550/550 548/548/548 547/547/547
f 549/549/549 551/551/551 552/552/552
f 552/552/552 550/550/550 549/549/549
f 551/551/551 553/553/553 554/554/554
f 554/554/554 552/552/552 551/551/551
f 553/553/553 555/555/555 556/556/556
f 556/556/556 554/554/554 553/553/553
f 555/555/555 557/557/557 558/558/558
f 558/558/558 556/556/556 555/555/555
f 557/557/557 523/523/523 526/526/526
f 526/526/526 558/558/558 557/557/557
f 526/526/526 525/525/525 559/559/559
f 559/559/559 560/560/560 526/526/526
f 525/525/525 528/528/528 561/561/561
f 561/561/561 559/559/559 525/525/525
f 528/528/528 530/530/530 562/562/562
f 562/562/562 561/561/561 528/528/528
f 530/530/530 532/532/532 563/563/563
f 563/563/563 562/562/562 530/530/530
f 532/532/532 534/534/534 564/564/564
f 564/564/564 563/563/563 532/532/532
f 534/534/534 536/536/536 565/565/565
f 565/565/565 564/564/564 534/534/534
f 536/536/536 538/538/538 566/566/566
f 566/566/566 565/565/565 536/536/536
f 538/538/538 540/540/540 567/567/567
f 567/567/567 566/566/566 538/538/538
f 540/540/540 542/542/542 568/568/568
f 568/568/568 567/567/567 540/540/540
f 542/542/542 544/544/544 569/569/569
f 569/569/569 568/568/568 542/542/542
f 544/544/544 546/546/546 570/570/570
f 570/570/570 569/569/569 544/544/544
f 546/546/546 548/548/548 571/571/571
f 571/571/571 570/570/570 546/546/546
f 548/548/548 550/550/550 572/572/572
f 572/572/572 571/571/571 548/548/548
f 550/550/550 552/552/552 573/573/573
f 573/573/573 572/572/572 550/550/550
f 552/552/552 554/554/554 574/574/574
f 574/574/574 573/573/573 552/552/552
f 554/554/554 556/556/556 575/575/575
f 575/575/575 574/574/574 554/554/554
f 556/556/556 558/558/558 576/576/576
f 576/576/576 575/575/575 556/556/556
f 558/558/558 526/526/526 560/560/560
f 560/560/560 576/576/576 558/558/558
f 577/577/577 578/578/578 579/579/579
f 579/579/579 580/580/580 577/577/577
f 580/580/580 579/579/579 581/581/581
f 581/581/581 582/582/582 580/580/580
f 582/582/582 581/581/581 583/583/583
f 583/583/583 584/584/584 582/582/582
f 584/584/584 583/583/583 585/585/585
f 585/585/585 586/586/586 584/584/584
f 586/586/586 585/585/585 587/587/587
f 587/587/587 588/588/588 586/586/586
f 588/588/588 587/587/587 589/589/589
f 589/589/589 590/590/590 588/588/588
f 590/590/590 589/589/589 591/591/591
f 591/591/591 592/592/592 590/590/590
f 592/592/592 591/591/591 593/593/593
f 593/593/593 594/594/594 592/592/592
f 594/594/594 593/593/593 595/595/595
f 595/595/595 596/596/596 594/594/594
f 596/596/596 595/595/595 597/597/597
f 597/597/597 598/598/598 596/596/596
f 598/598/598 597/597/597 599/599/599
f 599/599/599 600/600/600 598/598/598
f 600/600/600 599/599/599 601/601/601
f 601/601/601 602/602/602 600/600/600
f 602/602/602 601/601/601 603/603/603
f 603/603/603 604/604/604 602/602/602
f 604/604/604 603/603/603 605/605/605
f 605/605/605 606/606/606 604/604/604
f 606/606/606 605/605/605 607/607/607
f 607/607/607 608/608/608 606/606/606
f 608/608/608 607/607/607 609/609/609
f 609/609/609 610/610/610 608/608/608
f 610/610/610 609/609/609 611/611/611
f 611/611/611 612/612/612 610/610/610
f 612/612/612 611/611/611 578/578/578
f 578/578/578 577/577/577 612/612/612
f 613/613/613 614/614/614 615/615/615
f 615/615/615 616/616/616 613/613/613
f 616/616/616 615/615/615 617/617/617
f 617/617/617 618/618/618 616/616/616
f 618/618/618 617/617/617 619/619/619
f 619/619/619 620/620/620 618/618/618
f 620/620/620 619/619/619 621/621/621
f 621/621/621 622/622/622 620/620/620
f 622/622/622 621/621/621 623/623/623
f 623/623/623 624/624/624 622/622/622
f 624/624/624 623/623/623 625/625/625
f 625/625/625 626/626/626 624/624/624
f 626/626/626 625/625/625 627/627/627
f 627/627/627 628/628/628 626/626/626
f 628/628/628 627/627/627 629/629/629
f 629/629/629 630/630/630 628/628/628
f 630/630/630 629/629/629 631/631/631
f 631/631/631 632/632/632 630/630/630
f 632/632/632 631/631/631 633/633/633
f 633/633/633 634/634/634 632/632/632
f 634/634/634 633/633/633 635/635/635
f 635/635/635 636/636/636 634/634/634
f 636/636/636 635/635/635 637/637/637
f 637/637/637 638/638/638 636/636/636
f 638/638/638 637/637/637 639/639/639
f 639/639/639 640/640/640 638/638/638
f 640/640/640 639/639/639 641/641/641
f 641/641/641 642/642/642 640/640/640
f 642/642/642 641/641/641 643/643/643
f 643/643/643 644/644/644 642/642/642
f 644/644/644 643/643/643 645/645/645
f 645/645/645 646/646/646 644/644/644
f 646/646/646 645/645/645 647/647/647
f 647/647/647 648/648/648 646/646/646
f 648/648/648 647/647/647 614/614/614
f 614/614/614 613/613/613 648/648/648
f 649/649/649 650/650/650 651/651/651
f 651/651/651 652/652/652 649/649/649
f 653/653/653 654/654/654 655/655/655
f 655/655/655 656/656/656 653/653/653
f 657/657/657 658/658/658 659/659/659
f 659/659/659 660/660/660 657/657/657
f 661/661/661 662/662/662 663/663/663
f 663/663/663 664/664/664 661/661/661
f 665/665/665 666/666/666 667/667/667
f 667/667/667 668/668/668 665/665/665
f 669/669/669 670/670/670 671/671/671
f 671/671/671 672/672/672 669/669/669
f 673/673/673 674/674/674 675/675/675
f 675/675/675 676/676/676 673/673/673
f 677/677/677 678/678/678 679/679/679
f 679/679/679 680/680/680 677/677/677
f 681/681/681 682/682/682 683/683/683
f 683/683/683 684/684/684 681/681/681
f 685/685/685 686/686/686 687/687/687
f 687/687/687 688/688/688 685/685/685
f 689/689/689 690/690/690 691/691/691
f 691/691/691 692/692/692 689/689/689
f 693/693/693 694/694/694 695/695/695
f 695/695/695 696/696/696 693/693/693
f 697/697/697 698/698/698 699/699/699
f 699/699/699 700/700/700 697/697/697
f 701/701/701 702/702/702 703/703/703
f 703/703/703 704/704/704 701/701/701
f 705/705/705 706/706/706 707/707/707
f 707/707/707 708/708/708 705/705/705
f 709/709/709 710/710/710 711/711/711
f 711/711/711 712/712/712 709/709/709
f 713/713/713 714/714/714 715/715/715
f 715/715/715 716/716/716 713/713/713
f 717/717/717 718/718/718 719/719/719
f 719/719/719 720/720/720 717/717/717
f 414/414/414 721/721/721 722/722/722
f 722/722/722 397/397/397 414/414/414
f 397/397/397 723/723/723 724/724/724
f 724/724/724 398/398/398 397/397/397
f 398/398/398 725/725/725 726/726/726
f 726/726/726 399/399/399 398/398/398
f 399/399/399 727/727/727 728/728/728
f 728/728/728 400/400/400 399/399/399
f 400/400/400 729/729/729 730/730/730
f 730/730/730 401/401/401 400/400/400
f 401/401/401 731/731/731 732/732/732
f 732/732/732 402/402/402 401/401/401
f 402/402/402 733/733/733 734/734/734
f 734/734/734 403/403/403 402/402/402
f 403/403/403 735/735/735 736/736/736
f 736/736/736 404/404/404 403/403/403
f 404/404/404 737/737/737 738/738/738
f 738/738/738 405/405/405 404/404/404
f 405/405/405 739/739/739 740/740/740
f 740/740/740 406/406/406 405/405/405
f 406/406/406 741/741/741 742/742/742
f 742/742/742 407/407/407 406/406/406
f 407/407/407 743/743/743 744/744/744
f 744/744/744 408/408/408 407/407/407
f 408/408/408 745/745/745 746/746/746
f 746/746/746 409/409/409 408/408/408
f 409/409/409 747/747/747 748/748/748
f 748/748/748 410/410/410 409/409/409
f 410/410/410 749/749/749 750/750/750
f 750/750/750 411/411/411 410/410/410
f 411/411/411 751/751/751 752/752/752
f 752/752/752 412/412/412 411/411/411
f 412/412/412 753/753/753 754/754/754
f 754/754/754 413/413/413 412/412/412
f 413/413/413 755/755/755 756/756/756
f 756/756/756 414/414/414 413/413/413
f 757/757/757 758/758/758 759/759/759
f 759/759/759 760/760/760 761/761/761
f 761/761/761 762/762/762 763/763/763
f 759/759/759 761/761/761 763/763/763
f 763/763/763 764/764/764 765/765/765
f 765/765/765 766/766/766 767/767/767
f 763/763/763 765/765/765 767/767/767
f 767/767/767 768/768/768 769/769/769
f 769/769/769 770/770/770 771/771/771
f 767/767/767 769/769/769 771/771/771
f 763/763/763 767/767/767 771/771/771
f 759/759/759 763/763/763 771/771/771
f 771/771/771 772/772/772 773/773/773
f 759/759/759 771/771/771 773/773/773
f 757/757/757 759/759/759 773/773/773
f 774/774/774 757/757/757 773/773/773
f 775/775/775 776/776/776 777/777/777
f 777/777/777 778/778/778 779/779/779
f 779/779/779 780/780/780 781/781/781
f 777/777/777 779/779/779 781/781/781
f 781/781/781 782/782/782 783/783/783
f 783/783/783 784/784/784 785/785/785
f 781/781/781 783/783/783 785/785/785
f 785/785/785 786/786/786 787/787/787
f 787/787/787 788/788/788 789/789/789
f 785/785/785 787/787/787 789/789/789
f 781/781/781 785/785/785 789/789/789
f 777/777/777 781/781/781 789/789/789
f 789/789/789 790/790/790 791/791/791
f 777/777/777 789/789/789 791/791/791
f 775/775/775 777/777/777 791/791/791
f 792/792/792 775/775/775 791/791/791
f 793/793/793 794/794/794 795/795/795
f 795/795/795 796/796/796 793/793/793
f 794/794/794 797/797/797 798/798/798
f 798/798/798 795/795/795 794/794/794
f 797/797/797 799/799/799 800/800/800
f 800/800/800 798/798/798 797/797/797
f 799/799/799 801/801/801 802/802/802
f 802/802/802 800/800/800 799/799/799
f 801/801/801 803/803/803 804/804/804
f 804/804/804 802/802/802 801/801/801
f 803/803/803 805/805/805 806/806/806
f 806/806/806 804/804/804 803/803/803
f 805/805/805 807/807/807 808/808/808
f 808/808/808 806/806/806 805/805/805
f 807/807/807 809/809/809 810/810/810
f 810/810/810 808/808/808 807/807/807
f 809/809/809 811/811/811 812/812/812
f 812/812/812 810/810/810 809/809/809
f 811/811/811 813/813/813 814/814/814
f 814/814/814 812/812/812 811/811/811
f 813/813/813 815/815/815 816/816/816
f 816/816/816 814/814/814 813/813/813
f 815/815/815 817/817/817 818/818/818
f 818/818/818 816/816/816 815/815/815
f 817/817/817 819/819/819 820/820/820
f 820/820/820 818/818/818 817/817/817
f 819/819/819 821/821/821 822/822/822
f 822/822/822 820/820/820 819/819/819
f 821/821/821 823/823/823 824/824/824
f 824/824/824 822/822/822 821/821/821
f 823/823/823 825/825/825 826/826/826
f 826/826/826 824/824/824 823/823/823
f 825/825/825 827/827/827 828/828/828
f 828/828/828 826/826/826 825/825/825
f 827/827/827 793/793/793 796/796/796
f 796/796/796 828/828/828 827/827/827
f 829/829/829 830/830/830 831/831/831
f 831/831/831 832/832/832 829/829/829
f 830/830/830 833/833/833 834/834/834
f 834/834/834 831/831/831 830/830/830
f 833/833/833 835/835/835 836/836/836
f 836/836/836 834/834/834 833/833/833
f 835/835/835 837/837/837 838/838/838
f 838/838/838 836/836/836 835/835/835
f 837/837/837 839/839/839 840/840/840
f 840/840/840 838/838/838 837/837/837
f 839/839/839 841/841/841 842/842/842
f 842/842/842 840/840/840 839/839/839
f 841/841/841 843/843/843 844/844/844
f 844/844/844 842/842/842 841/841/841
f 843/843/843 845/845/845 846/846/846
f 846/846/846 844/844/844 843/843/843
f 845/845/845 847/847/847 848/848/848
f 848/848/848 846/846/846 845/845/845
f 847/847/847 849/849/849 850/850/850
f 850/850/850 848/848/848 847/847/847
f 849/849/849 851/851/851 852/852/852
f 852/852/852 850/850/850 849/849/849
f 851/851/851 853/853/853 854/854/854
f 854/854/854 852/852/852 851/851/851
f 853/853/853 855/855/855 856/856/856
f 856/856/856 854/854/854 853/853/853
f 855/855/855 857/857/857 858/858/858
f 858/858/858 856/856/856 855/855/855
f 857/857/857 859/859/859 860/860/860
f 860/860/860 858/858/858 857/857/857
f 859/859/859 861/861/861 862/862/862
f 862/862/862 860/860/860 859/859/859
f 861/861/861 863/863/863 864/864/864
f 864/864/864 862/862/862 861/861/861
f 863/863/863 829/829/829 832/832/832
f 832/832/832 864/864/864 863/863/863
f 865/865/865 866/866/866 867/867/867
f 867/867/867 868/868/868 865/865/865
f 866/866/866 869/869/869 870/870/870
f 870/870/870 867/867/867 866/866/866
f 869/869/869 871/871/871 872/872/872
f 872/872/872 870/870/870 869/869/869
f 871/871/871 873/873/873 874/874/874
f 874/874/874 872/872/872 871/871/871
f 873/873/873 875/875/875 876/876/876
f 876/876/876 874/874/874 873/873/873
f 875/875/875 877/877/877 878/878/878
f 878/878/878 876/876/876 875/875/875
f 877/877/877 879/879/879 880/880/880
f 880/880/880 878/878/878 877/877/877
f 879/879/879 881/881/881 882/882/882
f 882/882/882 880/880/880 879/879/879
f 881/881/881 883/883/883 884/884/884
f 884/884/884 882/882/882 881/881/881
f 883/883/883 885/885/885 886/886/886
f 886/886/886 884/884/884 883/883/883
f 885/885/885 887/887/887 888/888/888
f 888/888/888 886/886/886 885/885/885
f 887/887/887 889/889/889 890/890/890
f 890/890/890 888/888/888 887/887/887
f 889/889/889 891/891/891 892/892/892
f 892/892/892 890/890/890 889/889/889
f 891/891/891 893/893/893 894/894/894
f 894/894/894 892/892/892 891/891/891
f 893/893/893 895/895/895 896/896/896
f 896/896/896 894/894/894 893/893/893
f 895/895/895 897/897/897 898/898/898
f 898/898/898 896/896/896 895/895/895
f 897/897/897 899/899/899 900/900/900
f 900/900/900 898/898/898 897/897/897
f 899/899/899 865/865/865 868/868/868
f 868/868/868 900/900/900 899/899/899
f 901/901/901 902/902/902 903/903/903
f 903/903/903 904/904/904 901/901/901
f 902/902/902 905/905/905 906/906/906
f 906/906/906 903/903/903 902/902/902
f 905/905/905 907/907/907 908/908/908
f 908/908/908 906/906/906 905/905/905
f 907/907/907 909/909/909 910/910/910
f 910/910/910 908/908/908 907/907/907
f 909/909/909 911/911/911 912/912/912
f 912/912/912 910/910/910 909/909/909
f 911/911/911 913/913/913 914/914/914
f 914/914/914 912/912/912 911/911/911
f 913/913/913 915/915/915 916/916/916
f 916/916/916 914/914/914 913/913/913
f 915/915/915 917/917/917 918/918/918
f 918/918/918 916/916/916 915/915/915
f 917/917/917 919/919/919 920/920/920
f 920/920/920 918/918/918 917/917/917
f 919/919/919 921/921/921 922/922/922
f 922/922/922 920/920/920 919/919/919
f 921/921/921 923/923/923 924/924/924
f 924/924/924 922/922/922 921/921/921
f 923/923/923 925/925/925 926/926/926
f 926/926/926 924/924/924 923/923/923
f 925/925/925 927/927/927 928/928/928
f 928/928/928 926/926/926 925/925/925
f 927/927/927 929/929/929 930/930/930
f 930/930/930 928/928/928 927/927/927
f 929/929/929 931/931/931 932/932/932
f 932/932/932 930/930/930 929/929/929
f 931/931/931 933/933/933 934/934/934
f 934/934/934 932/932/932 931/931/931
f 933/933/933 935/935/935 936/936/936
f 936/936/936 934/934/934 933/933/933
f 935/935/935 901/901/901 904/904/904
f 904/904/904 936/936/936 935/935/935
f 904/904/904 903/903/903 937/937/937
f 937/937/937 938/938/938 904/904/904
f 903/903/903 906/906/906 939/939/939
f 939/939/939 937/937/937 903/903/903
f 906/906/906 908/908/908 940/940/940
f 940/940/940 939/939/939 906/906/906
f 908/908/908 910/910/910 941/941/941
f 941/941/941 940/940/940 908/908/908
f 910/910/910 912/912/912 942/942/942
f 942/942/942 941/941/941 910/910/910
f 912/912/912 914/914/914 943/943/943
f 943/943/943 942/942/942 912/912/912
f 914/914/914 916/916/916 944/944/944
f 944/944/944 943/943/943 914/914/914
f 916/916/916 918/918/918 945/945/945
f 945/945/945 944/944/944 916/916/916
f 918/918/918 920/920/920 946/946/946
f 946/946/946 945/945/945 918/918/918
f 920/920/920 922/922/922 947/947/947
f 947/947/947 946/946/946 920/920/920
f 922/922/922 924/924/924 948/948/948
f 948/948/948 947/947/947 922/922/922
f 924/924/924 926/926/926 949/949/949
f 949/949/949 948/948/948 924/924/924
f 926/926/926 928/928/928 950/950/950
f 950/950/950 949/949/949 926/926/926
f 928/928/928 930/930/930 951/951/951
f 951/951/951 950/950/950 928/928/928
f 930/930/930 932/932/932 952/952/952
f 952/952/952 951/951/951 930/930/930
f 932/932/932 934/934/934 953/953/953
f 953/953/953 952/952/952 932/932/932
f 934/934/934 936/936/936 954/954/954
f 954/954/954 953/953/953 934/934/934
f 936/936/936 904/904/904 938/938/938
f 938/938/938 954/954/954 936/936/936
f 955/955/955 956/956/956 957/957/957
f 957/957/957 958/958/958 955/955/955
f 958/958/958 957/957/957 959/959/959
f 959/959/959 960/960/960 958/958/958
f 960/960/960 959/959/959 961/961/961
f 961/961/961 962/962/962 960/960/960
f 962/962/962 961/961/961 963/963/963
f 963/963/963 964/964/964 962/962/962
f 964/964/964 963/963/963 965/965/965
f 965/965/965 966/966/966 964/964/964
f 966/966/966 965/965/965 967/967/967
f 967/967/967 968/968/968 966/966/966
f 968/968/968 967/967/967 969/969/969
f 969/969/969 970/970/970 968/968/968
f 970/970/970 969/969/969 971/971/971
f 971/971/971 972/972/972 970/970/970
f 972/972/972 971/971/971 973/973/973
f 973/973/973 974/974/974 972/972/972
f 974/974/974 973/973/973 975/975/975
f 975/975/975 976/976/976 974/974/974
f 976/976/976 975/975/975 977/977/977
f 977/977/977 978/978/978 976/976/976
f 978/978/978 977/977/977 979/979/979
f 979/979/979 980/980/980 978/978/978
f 980/980/980 979/979/979 981/981/981
f 981/981/981 982/982/982 980/980/980
f 982/982/982 981/981/981 983/983/983
f 983/983/983 984/984/984 982/982/982
f 984/984/984 983/983/983 985/985/985
f 985/985/985 986/986/986 984/984/984
f 986/986/986 985/985/985 987/987/987
f 987/987/987 988/988/988 986/986/986
f 988/988/988 987/987/987 989/989/989
f 989/989/989 990/990/990 988/988/988
f 990/990/990 989/989/989 956/956/956
f 956/956/956 955/955/955 990/990/990
f 991/991/991 992/992/992 993/993/993
f 993/993/993 994/994/994 991/991/991
f 994/994/994 993/993/993 995/995/995
f 995/995/995 996/996/996 994/994/994
f 996/996/996 995/995/995 997/997/997
f 997/997/997 998/998/998 996/996/996
f 998/998/998 997/997/997 999/999/999
f 999/999/999 1000/1000/1000 998/998/998
f 1000/1000/1000 999/999/999 1001/1001/1001
f 1001/1001/1001 1002/1002/1002 1000/1000/1000
f 1002/1002/1002 1001/1001/1001 1003/1003/1003
f 1003/1003/1003 1004/1004/1004 1002/1002/1002
f 1004/1004/1004 1003/1003/1003 1005/1005/1005
f 1005/1005/1005 1006/1006/1006 1004/1004/1004
f 1006/1006/1006 1005/1005/1005 1007/1007/1007
f 1007/1007/1007 1008/1008/1008 1006/1006/1006
f 1008/1008/1008 1007/1007/1007 1009/1009/1009
f 1009/1009/1009 1010/1010/1010 1008/1008/1008
f 1010/1010/1010 1009/1009/1009 1011/1011/1011
f 1011/1011/1011 1012/1012/1012 1010/1010/1010
f 1012/1012/1012 1011/1011/1011 1013/1013/1013
f 1013/1013/1013 1014/1014/1014 1012/1012/1012
f 1014/1014/1014 1013/1013/1013 1015/1015/1015
f 1015/1015/1015 1016/1016/1016 1014/1014/1014
f 1016/1016/1016 1015/1015/1015 1017/1017/1017
f 1017/1017/1017 1018/1018/1018 1016/1016/1016
f 1018/1018/1018 1017/1017/1017 1019/1019/1019
f 1019/1019/1019 1020/1020/1020 1018/1018/1018
f 1020/1020/1020 1019/1019/1019 1021/1021/1021
f 1021/1021/1021 1022/1022/1022 1020/1020/1020
f 1022/1022/1022 1021/1021/1021 1023/1023/1023
f 1023/1023/1023 1024/1024/1024 1022/1022/1022
f 1024/1024/1024 1023/1023/1023 1025/1025/1025
f 1025/1025/1025 1026/1026/1026 1024/1024/1024
f 1026/1026/1026 1025/1025/1025 992/992/992
f 992/992/992 991/991/991 1026/1026/1026
f 1027/1027/1027 1028/1028/1028 1029/1029/1029
f 1029/1029/1029 1030/1030/1030 1027/1027/1027
f 1031/1031/1031 1032/1032/1032 1033/1033/1033
f 1033/1033/1033 1034/1034/1034 1031/1031/1031
f 1035/1035/1035 1036/1036/1036 1037/1037/1037
f 1037/1037/1037 1038/1038/1038 1035/1035/1035
f 1039/1039/1039 1040/1040/1040 1041/1041/1041
f 1041/1041/1041 1042/1042/1042 1039/1039/1039
f 1043/1043/1043 1044/1044/1044 1045/1045/1045
f 1045/1045/1045 1046/1046/1046 1043/1043/1043
f 1047/1047/1047 1048/1048/1048 1049/1049/1049
f 1049/1049/1049 1050/1050/1050 1047/1047/1047
f 1051/1051/1051 1052/1052/1052 1053/1053/1053
f 1053/1053/1053 1054/1054/1054 1051/1051/1051
f 1055/1055/1055 1056/1056/1056 1057/1057/1057
f 1057/1057/1057 1058/1058/1058 1055/1055/1055
f 1059/1059/1059 1060/1060/1060 1061/1061/1061
f 1061/1061/1061 1062/1062/1062 1059/1059/1059
f 1063/1063/1063 1064/1064/1064 1065/1065/1065
f 1065/1065/1065 1066/1066/1066 1063/1063/1063
f 1067/1067/1067 1068/1068/1068 1069/1069/1069
f 1069/1069/1069 1070/1070/1070 1067/1067/1067
f 1071/1071/1071 1072/1072/1072 1073/1073/1073
f 1073/1073/1073 1074/1074/1074 1071/1071/1071
f 1075/1075/1075 1076/1076/1076 1077/1077/1077
f 1077/1077/1077 1078/1078/1078 1075/1075/1075
f 1079/1079/1079 1080/1080/1080 1081/1081/1081
f 1081/1081/1081 1082/1082/1082 1079/1079/1079
f 1083/1083/1083 1084/1084/1084 1085/1085/1085
f 1085/1085/1085 1086/1086/1086 1083/1083/1083
f 1087/1087/1087 1088/1088/1088 1089/1089/1089
f 1089/1089/1089 1090/1090/1090 1087/1087/1087
f 1091/1091/1091 1092/1092/1092 1093/1093/1093
f 1093/1093/1093 1094/1094/1094 1091/1091/1091
f 1095/1095/1095 1096/1096/1096 1097/1097/1097
f 1097/1097/1097 1098/1098/1098 1095/1095/1095
f 792/792/792 1099/1099/1099 1100/1100/1100
f 1100/1100/1100 775/775/775 792/792/792
f 775/775/775 1101/1101/1101 1102/1102/1102
f 1102/1102/1102 776/776/776 775/775/775
f 776/776/776 1103/1103/1103 1104/1104/1104
f 1104/1104/1104 777/777/777 776/776/776
f 777/777/777 1105/1105/1105 1106/1106/1106
f 1106/1106/1106 778/778/778 777/777/777
f 778/778/778 1107/1107/1107 1108/1108/1108
f 1108/1108/1108 779/779/779 778/778/778
f 779/779/779 1109/1109/1109 1110/1110/1110
f 1110/1110/1110 780/780/780 779/779/779
f 780/780/780 1111/1111/1111 1112/1112/1112
f 1112/1112/1112 781/781/781 780/780/780
f 781/781/781 1113/1113/1113 1114/1114/1114
f 1114/1114/1114 782/782/782 781/781/781
f 782/782/782 1115/1115/1115 1116/1116/1116
f 1116/1116/1116 783/783/783 782/782/782
f 783/783/783 1117/1117/1117 1118/1118/1118
f 1118/1118/1118 784/784/784 783/783/783
f 784/784/784 1119/1119/1119 1120/1120/1120
f 1120/1120/1120 785/785/785 784/784/784
f 785/785/785 1121/1121/1121 1122/1122/1122
f 1122/1122/1122 786/786/786 785/785/785
f 786/786/786 1123/1123/1123 1124/1124/1124
f 1124/1124/1124 787/787/787 786/786/786
f 787/787/787 1125/1125/1125 1126/1126/1126
f 1126/1126/1126 788/788/788 787/787/787
f 788/788/788 1127/1127/1127 1128/1128/1128
f 1128/1128/1128 789/789/789 788/788/788
f 789/789/789 1129/1129/1129 1130/1130/1130
f 1130/1130/1130 790/790/790 789/789/789
f 790/790/790 1131/1131/1131 1132/1132/1132
f 1132/1132/1132 791/791/791 790/790/790
f 791/791/791 1133/1133/1133 1134/1134/1134
f 1134/1134/1134 792/792/792 791/791/791
f 1135/1135/1135 1136/1136/1136 1137/1137/1137
f 1137/1137/1137 1138/1138/1138 1139/1139/1139
f 1139/1139/1139 1140/1140/1140 1141/1141/1141
f 1137/1137/1137 1139/1139/1139 1141/1141/1141
f 1141/1141/1141 1142/1142/1142 1143/1143/1143
f 1143/1143/1143 1144/1144/1144 1145/1145/1145
f 1141/1141/1141 1143/1143/1143 1145/1145/1145
f 1145/1145/1145 1146/1146/1146 1147/1147/1147
f 1147/1147/1147 1148/1148/1148 1149/1149/1149
f 1145/1145/1145 1147/1147/1147 1149/1149/1149
f 1141/1141/1141 1145/1145/1145 1149/1149/1149
f 1137/1137/1137 1141/1141/1141 1149/1149/1149
f 1149/1149/1149 1150/1150/1150 1151/1151/1151
f 1137/1137/1137 1149/1149/1149 1151/1151/1151
f 1135/1135/1135 1137/1137/1137 1151/1151/1151
f 1152/1152/1152 1135/1135/1135 1151/1151/1151
f 1153/1153/1153 1154/1154/1154 1155/1155/1155
f 1155/1155/1155 1156/1156/1156 1157/1157/1157
f 1157/1157/1157 1158/1158/1158 1159/1159/1159
f 1155/1155/1155 1157/1157/1157 1159/1159/1159
f 1159/1159/1159 1160/1160/1160 1161/1161/1161
f 1161/1161/1161 1162/1162/1162 1163/1163/1163
f 1159/1159/1159 1161/1161/1161 1163/1163/1163
f 1163/1163/1163 1164/1164/1164 1165/1165/1165
f 1165/1165/1165 1166/1166/1166 1167/1167/1167
f 1163/1163/1163 1165/1165/1165 1167/1167/1167
f 1159/1159/1159 1163/1163/1163 1167/1167/1167
f 1155/1155/1155 1159/1159/1159 1167/1167/1167
f 1167/1167/1167 1168/1168/1168 1169/1169/1169
f 1155/1155/1155 1167/1167/1167 1169/1169/1169
f 1153/1153/1153 1155/1155/1155 1169/1169/1169
f 1170/1170/1170 1153/1153/1153 1169/1169/1169
f 1171/1171/1171 1172/1172/1172 1173/1173/1173
f 1173/1173/1173 1174/1174/1174 1171/1171/1171
f 1172/1172/1172 1175/1175/1175 1176/1176/1176
f 1176/1176/1176 1173/1173/1173 1172/1172/1172
f 1175/1175/1175 1177/1177/1177 1178/1178/1178
f 1178/1178/1178 1176/1176/1176 1175/1175/1175
f 1177/1177/1177 1179/1179/1179 1180/1180/1180
f 1180/1180/1180 1178/1178/1178 1177/1177/1177
f 1179/1179/1179 1181/1181/1181 1182/1182/1182
f 1182/1182/1182 1180/1180/1180 1179/1179/1179
f 1181/1181/1181 1183/1183/1183 1184/1184/1184
f 1184/1184/1184 1182/1182/1182 1181/1181/1181
f 1183/1183/1183 1185/1185/1185 1186/1186/1186
f 1186/1186/1186 1184/1184/1184 1183/1183/1183
f 1185/1185/1185 1187/1187/1187 1188/1188/1188
f 1188/1188/1188 1186/1186/1186 1185/1185/1185
f 1187/1187/1187 1189/1189/1189 1190/1190/1190
f 1190/1190/1190 1188/1188/1188 1187/1187/1187
f 1189/1189/1189 1191/1191/1191 1192/1192/1192
f 1192/1192/1192 1190/1190/1190 1189/1189/1189
f 1191/1191/1191 1193/1193/1193 1194/1194/1194
f 1194/1194/1194 1192/1192/1192 1191/1191/1191
f 1193/1193/1193 1195/1195/1195 1196/1196/1196
f 1196/1196/1196 1194/1194/1194 1193/1193/1193
f 1195/1195/1195 1197/1197/1197 1198/1198/1198
f 1198/1198/1198 1196/1196/1196 1195/1195/1195
f 1197/1197/1197 1199/1199/1199 1200/1200/1200
f 1200/1200/1200 1198/1198/1198 1197/1197/1197
f 1199/1199/1199 1201/1201/1201 1202/1202/1202
f 1202/1202/1202 1200/1200/1200 1199/1199/1199
f 1201/1201/1201 1203/1203/1203 1204/1204/1204
f 1204/1204/1204 1202/1202/1202 1201/1201/1201
f 1203/1203/1203 1205/1205/1205 1206/1206/1206
f 1206/1206/1206 1204/1204/1204 1203/1203/1203
f 1205/1205/1205 1171/1171/1171 1174/1174/1174
f 1174/1174/1174 1206/1206/1206 1205/1205/1205
f 1207/1207/1207 1208/1208/1208 1209/1209/1209
f 1209/1209/1209 1210/1210/1210 1207/1207/1207
f 1208/1208/1208 1211/1211/1211 1212/1212/1212
f 1212/1212/1212 1209/1209/1209 1208/1208/1208
f 1211/1211/1211 1213/1213/1213 1214/1214/1214
f 1214/1214/1214 1212/1212/1212 1211/1211/1211
f 1213/1213/1213 1215/1215/1215 1216/1216/1216
f 1216/1216/1216 1214/1214/1214 1213/1213/1213
f 1215/1215/1215 1217/1217/1217 1218/1218/1218
f 1218/1218/1218 1216/1216/1216 1215/1215/1215
f 1217/1217/1217 1219/1219/1219 1220/1220/1220
f 1220/1220/1220 1218/1218/1218 1217/1217/1217
f 1219/1219/1219 1221/1221/1221 1222/1222/1222
f 1222/1222/1222 1220/1220/1220 1219/1219/1219
f 1221/1221/1221 1223/1223/1223 1224/1224/1224
f 1224/1224/1224 1222/1222/1222 1221/1221/1221
f 1223/1223/1223 1225/1225/1225 1226/1226/1226
f 1226/1226/1226 1224/1224/1224 1223/1223/1223
f 1225/1225/1225 1227/1227/1227 1228/1228/1228
f 1228/1228/1228 1226/1226/1226 1225/1225/1225
f 1227/1227/1227 1229/1229/1229 1230/1230/1230
f 1230/1230/1230 1228/1228/1228 1227/1227/1227
f 1229/1229/1229 1231/1231/1231 1232/1232/1232
f 1232/1232/1232 1230/1230/1230 1229/1229/1229
f 1231/1231/1231 1233/1233/1233 1234/1234/1234
f 1234/1234/1234 1232/1232/1232 1231/1231/1231
f 1233/1233/1233 1235/1235/1235 1236/1236/1236
f 1236/1236/1236 1234/1234/1234 1233/1233/1233
f 1235/1235/1235 1237/1237/1237 1238/1238/1238
f 1238/1238/1238 1236/1236/1236 1235/1235/1235
f 1237/1237/1237 1239/1239/1239 1240/1240/1240
f 1240/1240/1240 1238/1238/1238 1237/1237/1237
f 1239/1239/1239 1241/1241/1241 1242/1242/1242
f 1242/1242/1242 1240/1240/1240 1239/1239/1239
f 1241/1241/1241 1207/1207/1207 1210/1210/1210
f 1210/1210/1210 1242/1242/1242 1241/1241/1241
f 1243/1243/1243 1244/1244/1244 1245/1245/1245
f 1245/1245/1245 1246/1246/1246 1243/1243/1243
f 1244/1244/1244 1247/1247/1247 1248/1248/1248
f 1248/1248/1248 1245/1245/1245 1244/1244/1244
f 1247/1247/1247 1249/1249/1249 1250/1250/1250
f 1250/1250/1250 1248/1248/1248 1247/1247/1247
f 1249/1249/1249 1251/1251/1251 1252/1252/1252
f 1252/1252/1252 1250/1250/1250 1249/1249/1249
f 1251/1251/1251 1253/1253/1253 1254/1254/1254
f 1254/1254/1254 1252/1252/1252 1251/1251/1251
f 1253/1253/1253 1255/1255/1255 1256/1256/1256
f 1256/1256/1256 1254/1254/1254 1253/1253/1253
f 1255/1255/1255 1257/1257/1257 1258/1258/1258
f 1258/1258/1258 1256/1256/1256 1255/1255/1255
f 1257/1257/1257 1259/1259/1259 1260/1260/1260
f 1260/1260/1260 1258/1258/1258 1257/1257/1257
f 1259/1259/1259 1261/1261/1261 1262/1262/1262
f 1262/1262/1262 1260/1260/1260 1259/1259/1259
f 1261/1261/1261 1263/1263/1263 1264/1264/1264
f 1264/1264/1264 1262/1262/1262 1261/1261/1261
f 1263/1263/1263 1265/1265/1265 1266/1266/1266
f 1266/1266/1266 1264/1264/1264 1263/1263/1263
f 1265/1265/1265 1267/1267/1267 1268/1268/1268
f 1268/1268/1268 1266/1266/1266 1265/1265/1265
f 1267/1267/1267 1269/1269/1269 1270/1270/1270
f 1270/1270/1270 1268/1268/1268 1267/1267/1267
f 1269/1269/1269 1271/1271/1271 1272/1272/1272
f 1272/1272/1272 1270/1270/1270 1269/1269/1269
f 1271/1271/1271 1273/1273/1273 1274/1274/1274
f 1274/1274/1274 1272/1272/1272 1271/1271/1271
f 1273/1273/1273 1275/1275/1275 1276/1276/1276
f 1276/1276/1276 1274/1274/1274 1273/1273/1273
f 1275/1275/1275 1277/1277/1277 1278/1278/1278
f 1278/1278/1278 1276/1276/1276 1275/1275/1275
f 1277/1277/1277 1243/1243/1243 1246/1246/1246
f 1246/1246/1246 1278/1278/1278 1277/1277/1277
f 1279/1279/1279 1280/1280/1280 1281/1281/1281
f 1281/1281/1281 1282/1282/1282 1279/1279/1279
f 1280/1280/1280 1283/1283/1283 1284/1284/1284
f 1284/1284/1284 1281/1281/1281 1280/1280/1280
f 1283/1283/1283 1285/1285/1285 1286/1286/1286
f 1286/1286/1286 1284/1284/1284 1283/1283/1283
f 1285/1285/1285 1287/1287/1287 1288/1288/1288
f 1288/1288/1288 1286/1286/1286 1285/1285/1285
f 1287/1287/1287 1289/1289/1289 1290/1290/1290
f 1290/1290/1290 1288/1288/1288 1287/1287/1287
f 1289/1289/1289 1291/1291/1291 1292/1292/1292
f 1292/1292/1292 1290/1290/1290 1289/1289/1289
f 1291/1291/1291 1293/1293/1293 1294/1294/1294
f 1294/1294/1294 1292/1292/1292 1291/1291/1291
f 1293/1293/1293 1295/1295/1295 1296/1296/1296
f 1296/1296/1296 1294/1294/1294 1293/1293/1293
f 1295/1295/1295 1297/1297/1297 1298/1298/1298
f 1298/1298/1298 1296/1296/1296 1295/1295/1295
f 1297/1297/1297 1299/1299/1299 1300/1300/1300
f 1300/1300/1300 1298/1298/1298 1297/1297/1297
f 1299/1299/1299 1301/1301/1301 1302/1302/1302
f 1302/1302/1302 1300/1300/1300 1299/1299/1299
f 1301/1301/1301 1303/1303/1303 1304/1304/1304
f 1304/1304/1304 1302/1302/1302 1301/1301/1301
f 1303/1303/1303 1305/1305/1305 1306/1306/1306
f 1306/1306/1306 1304/1304/1304 1303/1303/1303
f 1305/1305/1305 1307/1307/1307 1308/1308/1308
f 1308/1308/1308 1306/1306/1306 1305/1305/1305
f 1307/1307/1307 1309/1309/1309 1310/1310/1310
f 1310/1310/1310 1308/1308/1308 1307/1307/1307
f 1309/1309/1309 1311/1311/1311 1312/1312/1312
f 1312/1312/1312 1310/1310/1310 1309/1309/1309
f 1311/1311/1311 1313/1313/1313 1314/1314/1314
f 1314/1314/1314 1312/1312/1312 1311/1311/1311
f 1313/1313/1313 1279/1279/1279 1282/1282/1282
f 1282/1282/1282 1314/1314/1314 1313/1313/1313
f 1282/1282/1282 1281/1281/1281 1315/1315/1315
f 1315/1315/1315 1316/1316/1316 1282/1282/1282
f 1281/1281/1281 1284/1284/1284 1317/1317/1317
f 1317/1317/1317 1315/1315/1315 1281/1281/1281
f 1284/1284/1284 1286/1286/1286 1318/1318/1318
f 1318/1318/1318 1317/1317/1317 1284/1284/1284
f 1286/1286/1286 1288/1288/1288 1319/1319/1319
f 1319/1319/1319 1318/1318/1318 1286/1286/1286
f 1288/1288/1288 1290/1290/1290 1320/1320/1320
f 1320/1320/1320 1319/1319/1319 1288/1288/1288
f 1290/1290/1290 1292/1292/1292 1321/1321/1321
f 1321/1321/1321 1320/1320/1320 1290/1290/1290
f 1292/1292/1292 1294/1294/1294 1322/1322/1322
f 1322/1322/1322 1321/1321/1321 1292/1292/1292
f 1294/1294/1294 1296/1296/1296 1323/1323/1323
f 1323/1323/1323 1322/1322/1322 1294/1294/1294
f 1296/1296/1296 1298/1298/1298 1324/1324/1324
f 1324/1324/1324 1323/1323/1323 1296/1296/1296
f 1298/1298/1298 1300/1300/1300 1325/1325/1325
f 1325/1325/1325 1324/1324/1324 1298/1298/1298
f 1300/1300/1300 1302/1302/1302 1326/1326/1326
f 1326/1326/1326 1325/1325/1325 1300/1300/1300
f 1302/1302/1302 1304/1304/1304 1327/1327/1327
f 1327/1327/1327 1326/1326/1326 1302/1302/1302
f 1304/1304/1304 1306/1306/1306 1328/1328/1328
f 1328/1328/1328 1327/1327/1327 1304/1304/1304
f 1306/1306/1306 1308/1308/1308 1329/1329/1329
f 1329/1329/1329 1328/1328/1328 1306/1306/1306
f 1308/1308/1308 1310/1310/1310 1330/1330/1330
f 1330/1330/1330 1329/1329/1329 1308/1308/1308
f 1310/1310/1310 1312/1312/1312 1331/1331/1331
f 1331/1331/1331 1330/1330/1330 1310/1310/1310
f 1312/1312/1312 1314/1314/1314 1332/1332/1332
f 1332/1332/1332 1331/1331/1331 1312/1312/1312
f 1314/1314/1314 1282/1282/1282 1316/1316/1316
f 1316/1316/1316 1332/1332/1332 1314/1314/1314
f 1333/1333/1333 1334/1334/1334 1335/1335/1335
f 1335/1335/1335 1336/1336/1336 1333/1333/1333
f 1336/1336/1336 1335/1335/1335 1337/1337/1337
f 1337/1337/1337 1338/1338/1338 1336/1336/1336
f 1338/1338/1338 1337/1337/1337 1339/1339/1339
f 1339/1339/1339 1340/1340/1340 1338/1338/1338
f 1340/1340/1340 1339/1339/1339 1341/1341/1341
f 1341/1341/1341 1342/1342/1342 1340/1340/1340
f 1342/1342/1342 1341/1341/1341 1343/1343/1343
f 1343/1343/1343 1344/1344/1344 1342/1342/1342
f 1344/1344/1344 1343/1343/1343 1345/1345/1345
f 1345/1345/1345 1346/1346/1346 1344/1344/1344
f 1346/1346/1346 1345/1345/1345 1347/1347/1347
f 1347/1347/1347 1348/1348/1348 1346/1346/1346
f 1348/1348/1348 1347/1347/1347 1349/1349/1349
f 1349/1349/1349 1350/1350/1350 1348/1348/1348
f 1350/1350/1350 1349/1349/1349 1351/1351/1351
f 1351/1351/1351 1352/1352/1352 1350/1350/1350
f 1352/1352/1352 1351/1351/1351 1353/1353/1353
f 1353/1353/1353 1354/1354/1354 1352/1352/1352
f 1354/1354/1354 1353/1353/1353 1355/1355/1355
f 1355/1355/1355 1356/1356/1356 1354/1354/1354
f 1356/1356/1356 1355/1355/1355 1357/1357/1357
f 1357/1357/1357 1358/1358/1358 1356/1356/1356
f 1358/1358/1358 1357/1357/1357 1359/1359/1359
f 1359/1359/1359 1360/1360/1360 1358/1358/1358
f 1360/1360/1360 1359/1359/1359 1361/1361/1361
f 1361/1361/1361 1362/1362/1362 1360/1360/1360
f 1362/1362/1362 1361/1361/1361 1363/1363/1363
f 1363/1363/1363 1364/1364/1364 1362/1362/1362
f 1364/1364/1364 1363/1363/1363 1365/1365/1365
f 1365/1365/1365 1366/1366/1366 1364/1364/1364
f 1366/1366/1366 1365/1365/1365 1367/1367/1367
f 1367/1367/1367 1368/1368/1368 1366/1366/1366
f 1368/1368/1368 1367/1367/1367 1334/1334/1334
f 1334/1334/1334 1333/1333/1333 1368/1368/1368
f 1369/1369/1369 1370/1370/1370 1371/1371/1371
f 1371/1371/1371 1372/1372/1372 1369/1369/1369
f 1372/1372/1372 1371/1371/1371 1373/1373/1373
f 1373/1373/1373 1374/1374/1374 1372/1372/1372
f 1374/1374/1374 1373/1373/1373 1375/1375/1375
f 1375/1375/1375 1376/1376/1376 1374/1374/1374
f 1376/1376/1376 1375/1375/1375 1377/1377/1377
f 1377/1377/1377 1378/1378/1378 1376/1376/1376
f 1378/1378/1378 1377/1377/1377 1379/1379/1379
f 1379/1379/1379 1380/1380/1380 1378/1378/1378
f 1380/1380/1380 1379/1379/1379 1381/1381/1381
f 1381/1381/1381 1382/1382/1382 1380/1380/1380
f 1382/1382/1382 1381/1381/1381 1383/1383/1383
f 1383/1383/1383 1384/1384/1384 1382/1382/1382
f 1384/1384/1384 1383/1383/1383 1385/1385/1385
f 1385/1385/1385 1386/1386/1386 1384/1384/1384
f 1386/1386/1386 1385/1385/1385 1387/1387/1387
f 1387/1387/1387 1388/1388/1388 1386/1386/1386
f 1388/1388/1388 1387/1387/1387 1389/1389/1389
f 1389/1389/1389 1390/1390/1390 1388/1388/1388
f 1390/1390/1390 1389/1389/1389 1391/1391/1391
f 1391/1391/1391 1392/1392/1392 1390/1390/1390
f 1392/1392/1392 1391/1391/1391 1393/1393/1393
f 1393/1393/1393 1394/1394/1394 1392/1392/1392
f 1394/1394/1394 1393/1393/1393 1395/1395/1395
f 1395/1395/1395 1396/1396/1396 1394/1394/1394
f 1396/1396/1396 1395/1395/1395 1397/1397/1397
f 1397/1397/1397 1398/1398/1398 1396/1396/1396
f 1398/1398/1398 1397/1397/1397 1399/1399/1399
f 1399/1399/1399 1400/1400/1400 1398/1398/1398
f 1400/1400/1400 1399/1399/1399 1401/1401/1401
f 1401/1401/1401 1402/1402/1402 1400/1400/1400
f 1402/1402/1402 1401/1401/1401 1403/1403/1403
f 1403/1403/1403 1404/1404/1404 1402/1402/1402
f 1404/1404/1404 1403/1403/1403 1370/1370/1370
f 1370/1370/1370 1369/1369/1369 1404/1404/1404
f 1405/1405/1405 1406/1406/1406 1407/1407/1407
f 1407/1407/1407 1408/1408/1408 1405/1405/1405
f 1409/1409/1409 1410/1410/1410 1411/1411/1411
f 1411/1411/1411 1412/1412/1412 1409/1409/1409
f 1413/1413/1413 1414/1414/1414 1415/1415/1415
f 1415/1415/1415 1416/1416/1416 1413/1413/1413
f 1417/1417/1417 1418/1418/1418 1419/1419/1419
f 1419/1419/1419 1420/1420/1420 1417/1417/1417
f 1421/1421/1421 1422/1422/1422 1423/1423/1423
f 1423/1423/1423 1424/1424/1424 1421/1421/1421
f 1425/1425/1425 1426/1426/1426 1427/1427/1427
f 1427/1427/1427 1428/1428/1428 1425/1425/1425
f 1429/1429/1429 1430/1430/1430 1431/1431/1431
f 1431/1431/1431 1432/1432/1432 1429/1429/1429
f 1433/1433/1433 1434/1434/1434 1435/1435/1435
f 1435/1435/1435 1436/1436/1436 1433/1433/1433
f 1437/1437/1437 1438/1438/1438 1439/1439/1439
f 1439/1439/1439 1440/1440/1440 1437/1437/1437
f 1441/1441/1441 1442/1442/1442 1443/1443/1443
f 1443/1443/1443 1444/1444/1444 1441/1441/1441
f 1445/1445/1445 1446/1446/1446 1447/1447/1447
f 1447/1447/1447 1448/1448/1448 1445/1445/1445
f 1449/1449/1449 1450/1450/1450 1451/1451/1451
f 1451/1451/1451 1452/1452/1452 1449/1449/1449
f 1453/1453/1453 1454/1454/1454 1455/1455/1455
f 1455/1455/1455 1456/1456/1456 1453/1453/1453
f 1457/1457/1457 1458/1458/1458 1459/1459/1459
f 1459/1459/1459 1460/1460/1460 1457/1457/1457
f 1461/1461/1461 1462/1462/1462 1463/1463/1463
f 1463/1463/1463 1464/1464/1464 1461/1461/1461
f 1465/1465/1465 1466/1466/1466 1467/1467/1467
f 1467/1467/1467 1468/1468/1468 1465/1465/1465
f 1469/1469/1469 1470/1470/1470 1471/1471/1471
f 1471/1471/1471 1472/1472/1472 1469/1469/1469
f 1473/1473/1473 1474/1474/1474 1475/1475/1475
f 1475/1475/1475 1476/1476/1476 1473/1473/1473
f 1170/1170/1170 1477/1477/1477 1478/1478/1478
f 1478/1478/1478 1153/1153/1153 1170/1170/1170
f 1153/1153/1153 1479/1479/1479 1480/1480/1480
f 1480/1480/1480 1154/1154/1154 1153/1153/1153
f 1154/1154/1154 1481/1481/1481 1482/1482/1482
f 1482/1482/1482 1155/1155/1155 1154/1154/1154
f 1155/1155/1155 1483/1483/1483 1484/1484/1484
f 1484/1484/1484 1156/1156/1156 1155/1155/1155
f 1156/1156/1156 1485/1485/1485 1486/1486/1486
f 1486/1486/1486 1157/1157/1157 1156/1156/1156
f 1157/1157/1157 1487/1487/1487 1488/1488/1488
f 1488/1488/1488 1158/1158/1158 1157/1157/1157
f 1158/1158/1158 1489/1489/1489 1490/1490/1490
f 1490/1490/1490 1159/1159/1159 1158/1158/1158
f 1159/1159/1159 1491/1491/1491 1492/1492/1492
f 1492/1492/1492 1160/1160/1160 1159/1159/1159
f 1160/1160/1160 1493/1493/1493 1494/1494/1494
f 1494/1494/1494 1161/1161/1161 1160/1160/1160
f 1161/1161/1161 1495/1495/1495 1496/1496/1496
f 1496/1496/1496 1162/1162/1162 1161/1161/1161
f 1162/1162/1162 1497/1497/1497 1498/1498/1498
f 1498/1498/1498 1163/1163/1163 1162/1162/1162
f 1163/1163/1163 1499/1499/1499 1500/1500/1500
f 1500/1500/1500 1164/1164/1164 1163/1163/1163
f 1164/1164/1164 1501/1501/1501 1502/1502/1502
f 1502/1502/1502 1165/1165/1165 1164/1164/1164
f 1165/1165/1165 1503/1503/1503 1504/1504/1504
f 1504/1504/1504 1166/1166/1166 1165/1165/1165
f 1166/1166/1166 1505/1505/1505 1506/1506/1506
f 1506/1506/1506 1167/1167/1167 1166/1166/1166
f 1167/1167/1167 1507/1507/1507 1508/1508/1508
f 1508/1508/1508 1168/1168/1168 1167/1167/1167
f 1168/1168/1168 1509/1509/1509 1510/1510/1510
f 1510/1510/1510 1169/1169/1169 1168/1168/1168
f 1169/1169/1169 1511/1511/1511 1512/1512/1512
f 1512/1512/1512 1170/1170/1170 1169/1169/1169
o Magical Hats_Magical Hats_0_8_0
usemtl Magical_Hats_3
v 703.43202 -2078.41697 161.99436
v 703.87413 -2073.36365 143.06306
v 696.45325 -2043.00459 151.31199
v 696.02502 -2047.89927 169.64895
v 697.69327 -2069.72020 124.82442
v 690.46644 -2039.47554 133.64594
v 685.63495 -2067.92608 109.47829
v 678.78668 -2037.73774 118.78161
v 669.15358 -2068.19769 98.87564
v 662.82273 -2038.00082 108.51183
v 650.23705 -2070.50227 94.29531
v 644.50008 -2040.23305 104.07529
v 650.23705 -2070.50227 94.29531
v 631.16698 -2074.56185 96.28975
v 626.02870 -2044.16518 106.00712
v 644.50008 -2040.23305 104.07529
v 614.24350 -2079.88678 104.61840
v 609.63653 -2049.32294 114.07428
v 601.50783 -2085.83480 118.27671
v 597.30069 -2055.08422 127.30379
v 594.49608 -2091.68850 135.61727
v 590.50907 -2060.75414 144.09995
v 594.05397 -2096.74182 154.54856
v 590.08084 -2065.64882 162.43691
v 600.23482 -2100.38527 172.78719
v 596.06764 -2069.17787 180.10296
v 612.29313 -2102.17939 188.13332
v 607.74739 -2070.91568 194.96731
v 628.77450 -2101.90778 198.73597
v 623.71133 -2070.65260 205.23709
v 647.69102 -2099.60320 203.31632
v 642.03398 -2068.42038 209.67363
v 666.76109 -2095.54363 201.32189
v 660.50535 -2064.48825 207.74182
v 683.68457 -2090.21870 192.99325
v 676.89753 -2059.33047 199.67465
v 696.42025 -2084.27068 179.33496
v 689.23338 -2053.56920 186.44515
v 689.14057 -2012.20110 159.64820
v 688.72474 -2016.95400 177.45405
v 683.32716 -2008.77425 142.49385
v 671.98570 -2007.08679 128.06004
v 656.48414 -2007.34226 118.08771
v 638.69219 -2009.50984 113.77968
v 620.75583 -2013.32806 115.65556
v 638.69219 -2009.50984 113.77968
v 604.83845 -2018.33642 123.48907
v 592.85991 -2023.93085 136.33539
v 586.26500 -2029.43655 152.64506
v 585.84917 -2034.18945 170.45090
v 591.66258 -2037.61630 187.60526
v 603.00403 -2039.30376 202.03906
v 618.50558 -2039.04828 212.01139
v 636.29752 -2036.88071 216.31944
v 654.23388 -2033.06250 214.44357
v 670.15127 -2028.05413 206.61007
v 682.12982 -2022.45972 193.76375
v 684.90890 -1980.74173 167.66219
v 684.48068 -1985.63641 185.99915
v 678.92210 -1977.21266 149.99614
v 667.24234 -1975.47487 135.13180
v 651.27839 -1975.73796 124.86202
v 632.95573 -1977.97018 120.42549
v 614.48436 -1981.90231 122.35731
v 632.95573 -1977.97018 120.42549
v 598.09218 -1987.06007 130.42448
v 585.75635 -1992.82136 143.65399
v 578.96473 -1998.49128 160.45016
v 578.53649 -2003.38596 178.78711
v 584.52330 -2006.91503 196.45315
v 596.20305 -2008.65282 211.31750
v 612.16699 -2008.38974 221.58728
v 630.48964 -2006.15752 226.02383
v 648.96101 -2002.22539 224.09202
v 665.35319 -1997.06763 216.02485
v 677.68903 -1991.30634 202.79535
v 685.51179 -1949.63940 174.84623
v 685.03422 -1955.09801 195.29586
v 678.83521 -1945.70374 155.14481
v 665.80978 -1943.76573 138.56788
v 648.00657 -1944.05912 127.11487
v 627.57288 -1946.54853 122.16719
v 606.97335 -1950.93370 124.32159
v 627.57288 -1946.54853 122.16719
v 588.69257 -1956.68570 133.31821
v 574.93547 -1963.11077 148.07194
v 567.36136 -1969.43395 166.80326
v 566.88379 -1974.89256 187.25289
v 573.56036 -1978.82827 206.95430
v 586.58579 -1980.76628 223.53123
v 604.38899 -1980.47289 234.98424
v 624.82266 -1977.98348 239.93193
v 645.42220 -1973.59832 237.77755
v 663.70299 -1967.84631 228.78093
v 677.46009 -1961.42120 214.02721
v 804.98714 -2061.30743 47.94245
v 807.89669 -2057.15218 29.01116
v 816.64954 -2027.15003 37.26010
v 813.83134 -2031.17483 55.59706
v 804.36564 -2050.90643 10.77251
v 813.22935 -2021.10038 19.59405
v 794.81989 -2043.32352 -4.57360
v 803.98329 -2013.75551 4.72972
v 780.41081 -2035.31805 -15.17627
v 790.02657 -2006.00137 -5.54007
v 762.87633 -2027.85560 -19.75659
v 773.04257 -1998.77321 -9.97661
v 762.87633 -2027.85560 -19.75659
v 744.33138 -2021.83627 -17.76215
v 755.07983 -1992.94284 -8.04478
v 773.04257 -1998.77321 -9.97661
v 727.01275 -2017.98605 -9.43350
v 738.30491 -1989.21351 0.02237
v 713.00934 -2016.76935 4.22479
v 724.74113 -1988.03500 13.25189
v 704.01013 -2018.33292 21.56535
v 716.02444 -1989.54949 30.04804
v 701.10058 -2022.48817 40.49665
v 713.20625 -1993.57428 48.38501
v 704.63163 -2028.73392 58.73528
v 716.62644 -1999.62393 66.05104
v 714.17737 -2036.31683 74.08141
v 725.87248 -2006.96881 80.91540
v 728.58644 -2044.32230 84.68406
v 739.82920 -2014.72294 91.18518
v 746.12091 -2051.78474 89.26441
v 756.81318 -2021.95111 95.62173
v 764.66586 -2057.80408 87.26998
v 774.77592 -2027.78148 93.68993
v 781.98448 -2061.65431 78.94134
v 791.55085 -2031.51080 85.62275
v 795.98792 -2062.87101 65.28306
v 805.11465 -2032.68932 72.39325
v 825.71832 -1996.81708 45.59631
v 822.98176 -2000.72531 63.40215
v 822.39719 -1990.94264 28.44195
v 813.41894 -1983.81053 14.00814
v 799.86646 -1976.28099 4.03583
v 783.37440 -1969.26218 -0.27222
v 765.93195 -1963.60068 1.60365
v 783.37440 -1969.26218 -0.27222
v 749.64291 -1959.97936 9.43717
v 736.47198 -1958.83500 22.28349
v 728.00777 -1960.30561 38.59315
v 725.27120 -1964.21385 56.39899
v 728.59232 -1970.08828 73.55335
v 737.57057 -1977.22039 87.98715
v 751.12305 -1984.74992 97.95948
v 767.61509 -1991.76873 102.26753
v 785.05754 -1997.43024 100.39167
v 801.34659 -2001.05157 92.55817
v 814.51752 -2002.19594 79.71186
v 837.78328 -1967.45664 53.61030
v 834.96509 -1971.48145 71.94727
v 834.36309 -1961.40698 35.94425
v 825.11701 -1954.06213 21.07991
v 811.16030 -1946.30798 10.81012
v 794.17630 -1939.07982 6.37359
v 776.21357 -1933.24945 8.30541
v 794.17630 -1939.07982 6.37359
v 759.43865 -1929.52011 16.37258
v 745.87487 -1928.34161 29.60209
v 737.15818 -1929.85610 46.39825
v 734.33998 -1933.88090 64.73521
v 737.76016 -1939.93057 82.40124
v 747.00622 -1947.27542 97.26560
v 760.96294 -1955.02955 107.53538
v 777.94692 -1962.25772 111.97192
v 795.90965 -1968.08810 110.04012
v 812.68457 -1971.81744 101.97295
v 826.24838 -1972.99593 88.74346
v 853.85656 -1940.82268 60.79434
v 850.71365 -1945.31120 81.24397
v 850.04230 -1934.07601 41.09293
v 839.73096 -1925.88493 24.51599
v 824.16623 -1917.23741 13.06298
v 805.22545 -1909.17645 8.11529
v 785.19315 -1902.67435 10.26970
v 805.22545 -1909.17645 8.11529
v 766.48553 -1898.51533 19.26630
v 751.35900 -1897.20106 34.02004
v 741.63804 -1898.89003 52.75136
v 738.49514 -1903.37854 73.20099
v 742.30936 -1910.12525 92.90239
v 752.62070 -1918.31634 109.47933
v 768.18541 -1926.96385 120.93233
v 787.12619 -1935.02481 125.88003
v 807.15848 -1941.52692 123.72565
v 825.86613 -1945.68594 114.72905
v 840.99267 -1947.00018 99.97532
v 703.80305 -1962.65521 -29.31049
v 704.68389 -1966.12840 -48.57929
v 699.93722 -1934.64613 -54.15801
v 699.08403 -1931.28198 -35.49414
v 698.84410 -1970.05863 -66.87070
v 694.28078 -1938.45298 -71.87517
v 686.98803 -1973.97186 -81.97851
v 682.79692 -1942.24334 -86.50868
v 670.54570 -1977.39610 -92.08048
v 666.87078 -1945.56007 -96.29351
v 651.50029 -1979.91831 -95.95817
v 648.42330 -1948.00312 -100.04946
v 651.50029 -1979.91831 -95.95817
v 632.14898 -1981.23431 -93.14390
v 629.67951 -1949.27779 -97.32352
v 648.42330 -1948.00312 -100.04946
v 614.82581 -1981.18534 -83.97708
v 612.90019 -1949.23038 -88.44451
v 601.62021 -1979.77732 -69.56338
v 600.10917 -1947.86655 -74.48332
v 594.12495 -1977.18009 -51.64129
v 592.84923 -1945.35086 -57.12389
v 593.24411 -1973.70691 -32.37249
v 591.99603 -1941.98671 -38.46002
v 599.08389 -1969.77667 -14.08109
v 597.65247 -1938.17985 -20.74286
v 610.93995 -1965.86344 1.02672
v 609.13633 -1934.38950 -6.10935
v 627.38227 -1962.43922 11.12870
v 625.06245 -1931.07277 3.67549
v 646.42767 -1959.91699 15.00642
v 643.50992 -1928.62973 7.43145
v 665.77898 -1958.60100 12.19214
v 662.25371 -1927.35505 4.70554
v 683.10216 -1958.64996 3.02533
v 679.03305 -1927.40245 -4.17350
v 696.30778 -1960.05797 -11.38837
v 691.82406 -1928.76628 -18.13468
v 695.33708 -1902.73426 -59.84076
v 694.50860 -1899.46754 -41.71748
v 689.84446 -1906.43082 -77.04477
v 678.69323 -1910.11142 -91.25441
v 663.22839 -1913.33209 -100.75582
v 645.31522 -1915.70437 -104.40299
v 627.11434 -1916.94211 -101.75602
v 645.31522 -1915.70437 -104.40299
v 610.82102 -1916.89605 -93.13417
v 598.40048 -1915.57176 -79.57736
v 591.35082 -1913.12893 -62.72072
v 590.52234 -1909.86222 -44.59746
v 596.01495 -1906.16564 -27.39346
v 607.16618 -1902.48505 -13.18382
v 622.63101 -1899.26439 -3.68240
v 640.54416 -1896.89209 -0.03520
v 658.74504 -1895.65435 -2.68217
v 675.03838 -1895.70040 -11.30402
v 687.45892 -1897.02471 -24.86083
v 693.86339 -1870.60977 -65.97819
v 693.01020 -1867.24561 -47.31433
v 688.20694 -1874.41660 -83.69536
v 676.72308 -1878.20698 -98.32886
v 660.79695 -1881.52371 -108.11370
v 642.34946 -1883.96675 -111.86965
v 623.60567 -1885.24142 -109.14371
v 642.34946 -1883.96675 -111.86965
v 606.82635 -1885.19401 -100.26470
v 594.03534 -1883.83019 -86.30349
v 586.77539 -1881.31449 -68.94406
v 585.92220 -1877.95034 -50.28021
v 591.57865 -1874.14351 -32.56306
v 603.06249 -1870.35313 -17.92954
v 618.98862 -1867.03641 -8.14470
v 637.43609 -1864.59338 -4.38874
v 656.17988 -1863.31869 -7.11465
v 672.95922 -1863.36612 -15.99368
v 685.75023 -1864.72991 -29.95487
v 697.17473 -1839.54026 -72.53943
v 696.22324 -1835.78852 -51.72524
v 690.86657 -1843.78570 -92.29785
v 678.05962 -1848.01278 -108.61736
v 660.29857 -1851.71165 -119.52953
v 639.72568 -1854.43615 -123.71822
v 618.82235 -1855.85769 -120.67824
v 639.72568 -1854.43615 -123.71822
v 600.10980 -1855.80481 -110.77621
v 585.84508 -1854.28386 -95.20650
v 577.74870 -1851.47833 -75.84700
v 576.79720 -1847.72657 -55.03280
v 583.10536 -1843.48118 -35.27438
v 595.91231 -1839.25410 -18.95488
v 613.67334 -1835.55524 -8.04269
v 634.24622 -1832.83074 -3.85401
v 655.14956 -1831.40919 -6.89398
v 673.86211 -1831.46207 -16.79598
v 688.12683 -1832.98297 -32.36570
v 846.57715 -1927.48233 -87.89999
v 845.90762 -1931.00239 -107.16877
v 854.91066 -1900.46372 -112.74751
v 855.55917 -1897.05419 -94.08363
v 838.95398 -1932.09638 -125.46018
v 848.17533 -1901.52338 -130.46466
v 826.55493 -1930.63238 -140.56799
v 836.16554 -1900.10533 -145.09818
v 810.20598 -1926.78697 -150.66996
v 820.32985 -1896.38065 -154.88299
v 791.87905 -1921.02394 -154.54765
v 802.57828 -1890.79855 -158.63893
v 791.87905 -1921.02394 -154.54765
v 773.78464 -1914.03841 -151.73338
v 785.05193 -1884.03233 -155.91300
v 802.57828 -1890.79855 -158.63893
v 758.10521 -1906.67295 -142.56655
v 769.86475 -1876.89811 -147.03400
v 746.73192 -1899.81594 -128.15283
v 758.84853 -1870.25636 -133.07278
v 741.03656 -1894.29441 -110.23076
v 753.33197 -1864.90818 -115.71337
v 741.70607 -1890.77437 -90.96196
v 753.98046 -1861.49865 -97.04949
v 748.65971 -1889.68036 -72.67055
v 760.71579 -1860.43896 -79.33235
v 761.05876 -1891.14436 -57.56276
v 772.72556 -1861.85702 -64.69883
v 777.40770 -1894.98978 -47.46077
v 788.56125 -1865.58172 -54.91400
v 795.73463 -1900.75279 -43.58308
v 806.31281 -1871.16381 -51.15804
v 813.82903 -1907.73832 -46.39734
v 823.83915 -1877.93002 -53.88395
v 829.50847 -1915.10378 -55.56416
v 839.02636 -1885.06423 -62.76300
v 840.88177 -1921.96080 -69.97785
v 850.04257 -1891.70600 -76.72418
v 864.22804 -1869.59764 -118.43025
v 864.85777 -1866.28685 -100.30699
v 857.68781 -1870.62658 -135.63427
v 846.02586 -1869.24963 -149.84391
v 830.64884 -1865.63282 -159.34533
v 813.41144 -1860.21241 -162.99249
v 796.39274 -1853.64216 -160.34551
v 813.41144 -1860.21241 -162.99249
v 781.64545 -1846.71457 -151.72366
v 770.94830 -1840.26519 -138.16684
v 765.59152 -1835.07192 -121.31020
v 766.22123 -1831.76115 -103.18694
v 772.76147 -1830.73219 -85.98293
v 784.42340 -1832.10915 -71.77329
v 799.80041 -1835.72594 -62.27189
v 817.03782 -1841.14635 -58.62470
v 834.05651 -1847.71661 -61.27167
v 848.80381 -1854.64420 -69.89353
v 859.50096 -1861.09358 -83.45031
v 876.46881 -1839.86014 -124.56770
v 877.11732 -1836.45060 -105.90382
v 869.73347 -1840.91980 -142.28486
v 857.72368 -1839.50176 -156.91837
v 841.88801 -1835.77706 -166.70321
v 824.13644 -1830.19496 -170.45916
v 806.61010 -1823.42875 -167.73323
v 824.13644 -1830.19496 -170.45916
v 791.42291 -1816.29453 -158.85419
v 780.40668 -1809.65278 -144.89298
v 774.89013 -1804.30460 -127.53357
v 775.53863 -1800.89506 -108.86968
v 782.27394 -1799.83543 -91.15254
v 794.28372 -1801.25345 -76.51902
v 810.11941 -1804.97813 -66.73421
v 827.87097 -1810.56024 -62.97824
v 845.39731 -1817.32644 -65.70416
v 860.58452 -1824.46068 -74.58316
v 871.60075 -1831.10242 -88.54437
v 892.60043 -1813.10104 -131.12894
v 893.32365 -1809.29868 -110.31474
v 885.08911 -1814.28276 -150.88739
v 871.69562 -1812.70136 -167.20684
v 854.03542 -1808.54755 -178.11902
v 834.23863 -1802.32230 -182.30772
v 814.69301 -1794.77653 -179.26773
v 834.23863 -1802.32230 -182.30772
v 797.75606 -1786.82033 -169.36570
v 785.47061 -1779.41336 -153.79599
v 779.31847 -1773.44899 -134.43650
v 780.04168 -1769.64663 -113.62231
v 787.55298 -1768.46494 -93.86388
v 800.94648 -1770.04635 -77.54438
v 818.60664 -1774.20017 -66.63222
v 838.40343 -1780.42540 -62.44351
v 857.94907 -1787.97117 -65.48350
v 874.88602 -1795.92737 -75.38549
v 887.17151 -1803.33430 -90.95522
vt 0.72119 1.00000
vt 0.77675 1.00000
vt 0.77675 0.75000
vt 0.72119 0.75000
vt 0.83230 1.00000
vt 0.83230 0.75000
vt 0.88786 1.00000
vt 0.88786 0.75000
vt 0.94342 1.00000
vt 0.94342 0.75000
vt 0.99897 1.00000
vt 0.99897 0.75000
vt -0.00103 1.00000
vt 0.05453 1.00000
vt 0.05453 0.75000
vt -0.00103 0.75000
vt 0.11008 1.00000
vt 0.11008 0.75000
vt 0.16564 1.00000
vt 0.16564 0.75000
vt 0.22119 1.00000
vt 0.22119 0.75000
vt 0.27675 1.00000
vt 0.27675 0.75000
vt 0.33230 1.00000
vt 0.33230 0.75000
vt 0.38786 1.00000
vt 0.38786 0.75000
vt 0.44342 1.00000
vt 0.44342 0.75000
vt 0.49897 1.00000
vt 0.49897 0.75000
vt 0.55453 1.00000
vt 0.55453 0.75000
vt 0.61008 1.00000
vt 0.61008 0.75000
vt 0.66564 1.00000
vt 0.66564 0.75000
vt 0.77675 0.50000
vt 0.72119 0.50000
vt 0.83230 0.50000
vt 0.88786 0.50000
vt 0.94342 0.50000
vt 0.99897 0.50000
vt 0.05453 0.50000
vt -0.00103 0.50000
vt 0.11008 0.50000
vt 0.16564 0.50000
vt 0.22119 0.50000
vt 0.27675 0.50000
vt 0.33230 0.50000
vt 0.38786 0.50000
vt 0.44342 0.50000
vt 0.49897 0.50000
vt 0.55453 0.50000
vt 0.61008 0.50000
vt 0.66564 0.50000
vt 0.77675 0.25000
vt 0.72119 0.25000
vt 0.83230 0.25000
vt 0.88786 0.25000
vt 0.94342 0.25000
vt 0.99897 0.25000
vt 0.05453 0.25000
vt -0.00103 0.25000
vt 0.11008 0.25000
vt 0.16564 0.25000
vt 0.22119 0.25000
vt 0.27675 0.25000
vt 0.33230 0.25000
vt 0.38786 0.25000
vt 0.44342 0.25000
vt 0.49897 0.25000
vt 0.55453 0.25000
vt 0.61008 0.25000
vt 0.66564 0.25000
vt 0.77675 0.01450
vt 0.72119 0.01450
vt 0.83230 0.01450
vt 0.88786 0.01450
vt 0.94342 0.01450
vt 0.99897 0.01450
vt 0.05453 0.01450
vt -0.00103 0.01450
vt 0.11008 0.01450
vt 0.16564 0.01450
vt 0.22119 0.01450
vt 0.27675 0.01450
vt 0.33230 0.01450
vt 0.38786 0.01450
vt 0.44342 0.01450
vt 0.49897 0.01450
vt 0.55453 0.01450
vt 0.61008 0.01450
vt 0.66564 0.01450
vt 0.72119 1.00000
vt 0.77675 1.00000
vt 0.77675 0.75000
vt 0.72119 0.75000
vt 0.83230 1.00000
vt 0.83230 0.75000
vt 0.88786 1.00000
vt 0.88786 0.75000
vt 0.94342 1.00000
vt 0.94342 0.75000
vt 0.99897 1.00000
vt 0.99897 0.75000
vt -0.00103 1.00000
vt 0.05453 1.00000
vt 0.05453 0.75000
vt -0.00103 0.75000
vt 0.11008 1.00000
vt 0.11008 0.75000
vt 0.16564 1.00000
vt 0.16564 0.75000
vt 0.22119 1.00000
vt 0.22119 0.75000
vt 0.27675 1.00000
vt 0.27675 0.75000
vt 0.33230 1.00000
vt 0.33230 0.75000
vt 0.38786 1.00000
vt 0.38786 0.75000
vt 0.44342 1.00000
vt 0.44342 0.75000
vt 0.49897 1.00000
vt 0.49897 0.75000
vt 0.55453 1.00000
vt 0.55453 0.75000
vt 0.61008 1.00000
vt 0.61008 0.75000
vt 0.66564 1.00000
vt 0.66564 0.75000
vt 0.77675 0.50000
vt 0.72119 0.50000
vt 0.83230 0.50000
vt 0.88786 0.50000
vt 0.94342 0.50000
vt 0.99897 0.50000
vt 0.05453 0.50000
vt -0.00103 0.50000
vt 0.11008 0.50000
vt 0.16564 0.50000
vt 0.22119 0.50000
vt 0.27675 0.50000
vt 0.33230 0.50000
vt 0.38786 0.50000
vt 0.44342 0.50000
vt 0.49897 0.50000
vt 0.55453 0.50000
vt 0.61008 0.50000
vt 0.66564 0.50000
vt 0.77675 0.25000
vt 0.72119 0.25000
vt 0.83230 0.25000
vt 0.88786 0.25000
vt 0.94342 0.25000
vt 0.99897 0.25000
vt 0.05453 0.25000
vt -0.00103 0.25000
vt 0.11008 0.25000
vt 0.16564 0.25000
vt 0.22119 0.25000
vt 0.27675 0.25000
vt 0.33230 0.25000
vt 0.38786 0.25000
vt 0.44342 0.25000
vt 0.49897 0.25000
vt 0.55453 0.25000
vt 0.61008 0.25000
vt 0.66564 0.25000
vt 0.77675 0.01450
vt 0.72119 0.01450
vt 0.83230 0.01450
vt 0.88786 0.01450
vt 0.94342 0.01450
vt 0.99897 0.01450
vt 0.05453 0.01450
vt -0.00103 0.01450
vt 0.11008 0.01450
vt 0.16564 0.01450
vt 0.22119 0.01450
vt 0.27675 0.01450
vt 0.33230 0.01450
vt 0.38786 0.01450
vt 0.44342 0.01450
vt 0.49897 0.01450
vt 0.55453 0.01450
vt 0.61008 0.01450
vt 0.66564 0.01450
vt 0.72119 1.00000
vt 0.77675 1.00000
vt 0.77675 0.75000
vt 0.72119 0.75000
vt 0.83230 1.00000
vt 0.83230 0.75000
vt 0.88786 1.00000
vt 0.88786 0.75000
vt 0.94342 1.00000
vt 0.94342 0.75000
vt 0.99897 1.00000
vt 0.99897 0.75000
vt -0.00103 1.00000
vt 0.05453 1.00000
vt 0.05453 0.75000
vt -0.00103 0.75000
vt 0.11008 1.00000
vt 0.11008 0.75000
vt 0.16564 1.00000
vt 0.16564 0.75000
vt 0.22119 1.00000
vt 0.22119 0.75000
vt 0.27675 1.00000
vt 0.27675 0.75000
vt 0.33230 1.00000
vt 0.33230 0.75000
vt 0.38786 1.00000
vt 0.38786 0.75000
vt 0.44342 1.00000
vt 0.44342 0.75000
vt 0.49897 1.00000
vt 0.49897 0.75000
vt 0.55453 1.00000
vt 0.55453 0.75000
vt 0.61008 1.00000
vt 0.61008 0.75000
vt 0.66564 1.00000
vt 0.66564 0.75000
vt 0.77675 0.50000
vt 0.72119 0.50000
vt 0.83230 0.50000
vt 0.88786 0.50000
vt 0.94342 0.50000
vt 0.99897 0.50000
vt 0.05453 0.50000
vt -0.00103 0.50000
vt 0.11008 0.50000
vt 0.16564 0.50000
vt 0.22119 0.50000
vt 0.27675 0.50000
vt 0.33230 0.50000
vt 0.38786 0.50000
vt 0.44342 0.50000
vt 0.49897 0.50000
vt 0.55453 0.50000
vt 0.61008 0.50000
vt 0.66564 0.50000
vt 0.77675 0.25000
vt 0.72119 0.25000
vt 0.83230 0.25000
vt 0.88786 0.25000
vt 0.94342 0.25000
vt 0.99897 0.25000
vt 0.05453 0.25000
vt -0.00103 0.25000
vt 0.11008 0.25000
vt 0.16564 0.25000
vt 0.22119 0.25000
vt 0.27675 0.25000
vt 0.33230 0.25000
vt 0.38786 0.25000
vt 0.44342 0.25000
vt 0.49897 0.25000
vt 0.55453 0.25000
vt 0.61008 0.25000
vt 0.66564 0.25000
vt 0.77675 0.01450
vt 0.72119 0.01450
vt 0.83230 0.01450
vt 0.88786 0.01450
vt 0.94342 0.01450
vt 0.99897 0.01450
vt 0.05453 0.01450
vt -0.00103 0.01450
vt 0.11008 0.01450
vt 0.16564 0.01450
vt 0.22119 0.01450
vt 0.27675 0.01450
vt 0.33230 0.01450
vt 0.38786 0.01450
vt 0.44342 0.01450
vt 0.49897 0.01450
vt 0.55453 0.01450
vt 0.61008 0.01450
vt 0.66564 0.01450
vt 0.72119 1.00000
vt 0.77675 1.00000
vt 0.77675 0.75000
vt 0.72119 0.75000
vt 0.83230 1.00000
vt 0.83230 0.75000
vt 0.88786 1.00000
vt 0.88786 0.75000
vt 0.94342 1.00000
vt 0.94342 0.75000
vt 0.99897 1.00000
vt 0.99897 0.75000
vt -0.00103 1.00000
vt 0.05453 1.00000
vt 0.05453 0.75000
vt -0.00103 0.75000
vt 0.11008 1.00000
vt 0.11008 0.75000
vt 0.16564 1.00000
vt 0.16564 0.75000
vt 0.22119 1.00000
vt 0.22119 0.75000
vt 0.27675 1.00000
vt 0.27675 0.75000
vt 0.33230 1.00000
vt 0.33230 0.75000
vt 0.38786 1.00000
vt 0.38786 0.75000
vt 0.44342 1.00000
vt 0.44342 0.75000
vt 0.49897 1.00000
vt 0.49897 0.75000
vt 0.55453 1.00000
vt 0.55453 0.75000
vt 0.61008 1.00000
vt 0.61008 0.75000
vt 0.66564 1.00000
vt 0.66564 0.75000
vt 0.77675 0.50000
vt 0.72119 0.50000
vt 0.83230 0.50000
vt 0.88786 0.50000
vt 0.94342 0.50000
vt 0.99897 0.50000
vt 0.05453 0.50000
vt -0.00103 0.50000
vt 0.11008 0.50000
vt 0.16564 0.50000
vt 0.22119 0.50000
vt 0.27675 0.50000
vt 0.33230 0.50000
vt 0.38786 0.50000
vt 0.44342 0.50000
vt 0.49897 0.50000
vt 0.55453 0.50000
vt 0.61008 0.50000
vt 0.66564 0.50000
vt 0.77675 0.25000
vt 0.72119 0.25000
vt 0.83230 0.25000
vt 0.88786 0.25000
vt 0.94342 0.25000
vt 0.99897 0.25000
vt 0.05453 0.25000
vt -0.00103 0.25000
vt 0.11008 0.25000
vt 0.16564 0.25000
vt 0.22119 0.25000
vt 0.27675 0.25000
vt 0.33230 0.25000
vt 0.38786 0.25000
vt 0.44342 0.25000
vt 0.49897 0.25000
vt 0.55453 0.25000
vt 0.61008 0.25000
vt 0.66564 0.25000
vt 0.77675 0.01450
vt 0.72119 0.01450
vt 0.83230 0.01450
vt 0.88786 0.01450
vt 0.94342 0.01450
vt 0.99897 0.01450
vt 0.05453 0.01450
vt -0.00103 0.01450
vt 0.11008 0.01450
vt 0.16564 0.01450
vt 0.22119 0.01450
vt 0.27675 0.01450
vt 0.33230 0.01450
vt 0.38786 0.01450
vt 0.44342 0.01450
vt 0.49897 0.01450
vt 0.55453 0.01450
vt 0.61008 0.01450
vt 0.66564 0.01450
vn 0.9540 0.1696 0.2471
vn 0.9619 0.2590 -0.0879
vn 0.9626 0.2560 -0.0887
vn 0.9548 0.1666 0.2463
vn 0.8525 0.3235 -0.4106
vn 0.8532 0.3205 -0.4115
vn 0.6392 0.3552 -0.6821
vn 0.6398 0.3522 -0.6831
vn 0.3475 0.3504 -0.8697
vn 0.3482 0.3474 -0.8707
vn 0.0128 0.3096 -0.9508
vn 0.0134 0.3066 -0.9517
vn 0.0128 0.3096 -0.9508
vn -0.3246 0.2378 -0.9155
vn -0.3241 0.2348 -0.9164
vn 0.0134 0.3066 -0.9517
vn -0.6240 0.1436 -0.7681
vn -0.6235 0.1406 -0.7691
vn -0.8493 0.0383 -0.5265
vn -0.8489 0.0353 -0.5274
vn -0.9734 -0.0652 -0.2196
vn -0.9730 -0.0683 -0.2205
vn -0.9812 -0.1546 0.1153
vn -0.9808 -0.1577 0.1145
vn -0.8719 -0.2191 0.4380
vn -0.8714 -0.2222 0.4373
vn -0.6585 -0.2508 0.7095
vn -0.6581 -0.2539 0.7089
vn -0.3669 -0.2460 0.8971
vn -0.3664 -0.2491 0.8965
vn -0.0322 -0.2053 0.9782
vn -0.0316 -0.2084 0.9775
vn 0.3052 -0.1334 0.9429
vn 0.3058 -0.1365 0.9422
vn 0.6046 -0.0392 0.7955
vn 0.6053 -0.0423 0.7949
vn 0.8300 0.0660 0.5539
vn 0.8307 0.0630 0.5532
vn 0.9730 0.2071 -0.1018
vn 0.9652 0.1176 0.2337
vn 0.8635 0.2717 -0.4250
vn 0.6498 0.3035 -0.6969
vn 0.3578 0.2987 -0.8848
vn 0.0226 0.2578 -0.9659
vn -0.3154 0.1859 -0.9306
vn 0.0226 0.2578 -0.9659
vn -0.6152 0.0915 -0.7830
vn -0.8409 -0.0139 -0.5410
vn -0.9652 -0.1176 -0.2337
vn -0.9730 -0.2071 0.1018
vn -0.8635 -0.2717 0.4249
vn -0.6498 -0.3035 0.6969
vn -0.3578 -0.2987 0.8848
vn -0.0226 -0.2578 0.9659
vn 0.3154 -0.1859 0.9306
vn 0.6152 -0.0915 0.7830
vn 0.8409 0.0139 0.5410
vn 0.9874 0.0878 -0.1319
vn 0.9796 -0.0010 0.2010
vn 0.8787 0.1519 -0.4526
vn 0.6666 0.1835 -0.7224
vn 0.3768 0.1787 -0.9089
vn 0.0442 0.1382 -0.9894
vn -0.2911 0.0668 -0.9544
vn 0.0442 0.1382 -0.9894
vn -0.5887 -0.0269 -0.8079
vn -0.8126 -0.1315 -0.5677
vn -0.9359 -0.2344 -0.2628
vn -0.9437 -0.3232 0.0701
vn -0.8350 -0.3873 0.3908
vn -0.6230 -0.4189 0.6606
vn -0.3332 -0.4141 0.8471
vn -0.0006 -0.3736 0.9276
vn 0.3348 -0.3022 0.8925
vn 0.6324 -0.2085 0.7461
vn 0.8563 -0.1039 0.5059
vn 0.9850 0.1200 -0.1240
vn 0.9772 0.0309 0.2101
vn 0.8759 0.1843 -0.4458
vn 0.6631 0.2160 -0.7167
vn 0.3723 0.2112 -0.9038
vn 0.0385 0.1705 -0.9846
vn -0.2981 0.0989 -0.9494
vn 0.0385 0.1705 -0.9846
vn -0.5967 0.0049 -0.8024
vn -0.8215 -0.1000 -0.5614
vn -0.9452 -0.2033 -0.2554
vn -0.9530 -0.2925 0.0787
vn -0.8439 -0.3568 0.4006
vn -0.6311 -0.3885 0.6714
vn -0.3403 -0.3837 0.8585
vn -0.0065 -0.3430 0.9393
vn 0.3301 -0.2714 0.9041
vn 0.6287 -0.1774 0.7571
vn 0.8535 -0.0724 0.5161
vn 0.9059 -0.3325 0.2623
vn 0.9625 -0.2561 -0.0899
vn 0.9616 -0.2596 -0.0891
vn 0.9093 -0.3336 0.2487
vn 0.8930 -0.1389 -0.4280
vn 0.8980 -0.1481 -0.4142
vn 0.7086 0.0024 -0.7056
vn 0.7272 -0.0131 -0.6863
vn 0.4379 0.1478 -0.8868
vn 0.4719 0.1283 -0.8723
vn 0.1206 0.2783 -0.9529
vn 0.1644 0.2590 -0.9518
vn 0.1206 0.2783 -0.9529
vn -0.2024 0.3790 -0.9030
vn -0.1598 0.3645 -0.9174
vn 0.1644 0.2590 -0.9518
vn -0.4958 0.4405 -0.7484
vn -0.4650 0.4328 -0.7723
vn -0.7294 0.4576 -0.5085
vn -0.7144 0.4552 -0.5315
vn -0.8788 0.4286 -0.2099
vn -0.8759 0.4279 -0.2231
vn -0.9271 0.3570 0.1141
vn -0.9282 0.3538 0.1149
vn -0.8689 0.2508 0.4267
vn -0.8646 0.2422 0.4403
vn -0.7109 0.1220 0.6926
vn -0.6934 0.1070 0.7126
vn -0.4704 -0.0151 0.8823
vn -0.4372 -0.0347 0.8987
vn -0.1725 -0.1458 0.9742
vn -0.1289 -0.1656 0.9777
vn 0.1524 -0.2555 0.9547
vn 0.1952 -0.2708 0.9426
vn 0.4679 -0.3302 0.8198
vn 0.4995 -0.3388 0.7973
vn 0.7321 -0.3579 0.5796
vn 0.7481 -0.3610 0.5568
vn 0.9459 -0.3078 -0.1022
vn 0.8938 -0.3818 0.2351
vn 0.8826 -0.1965 -0.4270
vn 0.7121 -0.0616 -0.6994
vn 0.4562 0.0803 -0.8862
vn 0.1473 0.2122 -0.9661
vn -0.1784 0.3186 -0.9309
vn 0.1473 0.2122 -0.9661
vn -0.4840 0.3872 -0.7847
vn -0.7329 0.4093 -0.5433
vn -0.8938 0.3818 -0.2351
vn -0.9459 0.3078 0.1022
vn -0.8826 0.1965 0.4270
vn -0.7121 0.0616 0.6994
vn -0.4562 -0.0803 0.8862
vn -0.1473 -0.2122 0.9661
vn 0.1784 -0.3186 0.9309
vn 0.4840 -0.3872 0.7847
vn 0.7329 -0.4093 0.5433
vn 0.8987 -0.4181 -0.1322
vn 0.8471 -0.4915 0.2020
vn 0.8360 -0.3079 -0.4542
vn 0.6670 -0.1743 -0.7244
vn 0.4129 -0.0336 -0.9102
vn 0.1055 0.0973 -0.9896
vn -0.2185 0.2031 -0.9545
vn 0.1055 0.0973 -0.9896
vn -0.5218 0.2710 -0.8089
vn -0.7684 0.2926 -0.5692
vn -0.9275 0.2650 -0.2638
vn -0.9790 0.1916 0.0701
vn -0.9164 0.0815 0.3918
vn -0.7478 -0.0519 0.6619
vn -0.4943 -0.1926 0.8477
vn -0.1875 -0.3235 0.9275
vn 0.1366 -0.4294 0.8927
vn 0.4406 -0.4974 0.7474
vn 0.6877 -0.5190 0.5076
vn 0.9161 -0.3816 -0.1228
vn 0.8632 -0.4559 0.2169
vn 0.8517 -0.2692 -0.4496
vn 0.6787 -0.1338 -0.7221
vn 0.4212 0.0062 -0.9069
vn 0.1131 0.1325 -0.9847
vn -0.2093 0.2313 -0.9501
vn 0.1131 0.1325 -0.9847
vn -0.5117 0.2941 -0.8073
vn -0.7599 0.3137 -0.5693
vn -0.9218 0.2857 -0.2622
vn -0.9744 0.2114 0.0760
vn -0.9103 0.1000 0.4016
vn -0.7389 -0.0335 0.6729
vn -0.4843 -0.1708 0.8581
vn -0.1789 -0.2954 0.9385
vn 0.1438 -0.3955 0.9071
vn 0.4491 -0.4611 0.7653
vn 0.7001 -0.4830 0.5259
vn 0.9548 0.1888 0.2294
vn 0.9855 0.1290 -0.1107
vn 0.9815 0.1179 -0.1506
vn 0.9659 0.1789 0.1872
vn 0.8938 0.0586 -0.4447
vn 0.8796 0.0487 -0.4732
vn 0.6854 -0.0134 -0.7281
vn 0.6704 -0.0207 -0.7417
vn 0.3846 -0.0773 -0.9198
vn 0.3783 -0.0817 -0.9221
vn 0.0314 -0.1241 -0.9918
vn 0.0389 -0.1267 -0.9912
vn 0.0314 -0.1241 -0.9918
vn -0.3256 -0.1473 -0.9339
vn -0.3054 -0.1500 -0.9404
vn 0.0389 -0.1267 -0.9912
vn -0.6378 -0.1442 -0.7566
vn -0.6119 -0.1488 -0.7768
vn -0.8653 -0.1161 -0.4875
vn -0.8438 -0.1238 -0.5223
vn -0.9839 -0.0679 -0.1653
vn -0.9750 -0.0781 -0.2079
vn -0.9854 -0.0062 0.1700
vn -0.9913 -0.0172 0.1302
vn -0.8744 0.0618 0.4812
vn -0.8897 0.0522 0.4535
vn -0.6653 0.1286 0.7354
vn -0.6804 0.1217 0.7227
vn -0.3817 0.1869 0.9052
vn -0.3880 0.1828 0.9034
vn -0.0556 0.2300 0.9716
vn -0.0483 0.2278 0.9725
vn 0.2763 0.2533 0.9271
vn 0.2963 0.2510 0.9215
vn 0.5766 0.2540 0.7766
vn 0.6031 0.2499 0.7575
vn 0.8119 0.2319 0.5359
vn 0.8351 0.2247 0.5021
vn 0.9877 0.0670 -0.1415
vn 0.9717 0.1287 0.1978
vn 0.8852 -0.0027 -0.4652
vn 0.6755 -0.0722 -0.7338
vn 0.3833 -0.1331 -0.9140
vn 0.0442 -0.1780 -0.9830
vn -0.3000 -0.2014 -0.9324
vn 0.0442 -0.1780 -0.9830
vn -0.6071 -0.2003 -0.7690
vn -0.8400 -0.1750 -0.5136
vn -0.9717 -0.1287 -0.1978
vn -0.9877 -0.0670 0.1415
vn -0.8852 0.0027 0.4652
vn -0.6755 0.0722 0.7338
vn -0.3833 0.1331 0.9140
vn -0.0442 0.1780 0.9830
vn 0.3000 0.2014 0.9324
vn 0.6071 0.2003 0.7690
vn 0.8400 0.1750 0.5136
vn 0.9915 -0.0548 -0.1181
vn 0.9756 0.0063 0.2194
vn 0.8896 -0.1239 -0.4397
vn 0.6813 -0.1927 -0.7062
vn 0.3916 -0.2530 -0.8847
vn 0.0555 -0.2975 -0.9531
vn -0.2857 -0.3207 -0.9031
vn 0.0555 -0.2975 -0.9531
vn -0.5904 -0.3199 -0.7410
vn -0.8219 -0.2950 -0.4873
vn -0.9529 -0.2491 -0.1732
vn -0.9684 -0.1879 0.1642
vn -0.8662 -0.1189 0.4853
vn -0.6580 -0.0501 0.7514
vn -0.3684 0.0101 0.9296
vn -0.0327 0.0545 0.9980
vn 0.3083 0.0778 0.9481
vn 0.6129 0.0770 0.7864
vn 0.8443 0.0521 0.5333
vn 0.9927 -0.0163 -0.1193
vn 0.9754 0.0399 0.2170
vn 0.8928 -0.0830 -0.4427
vn 0.6843 -0.1518 -0.7132
vn 0.3912 -0.2130 -0.8953
vn 0.0500 -0.2582 -0.9648
vn -0.2958 -0.2816 -0.9128
vn 0.0500 -0.2582 -0.9648
vn -0.6023 -0.2810 -0.7471
vn -0.8322 -0.2580 -0.4909
vn -0.9601 -0.2163 -0.1770
vn -0.9742 -0.1606 0.1583
vn -0.8728 -0.0957 0.4787
vn -0.6647 -0.0286 0.7466
vn -0.3728 0.0316 0.9274
vn -0.0332 0.0765 0.9965
vn 0.3107 0.1005 0.9452
vn 0.6154 0.1014 0.7816
vn 0.8450 0.0803 0.5287
vn 0.9446 -0.2316 0.2326
vn 0.9456 -0.3012 -0.1230
vn 0.9401 -0.3075 -0.1468
vn 0.9498 -0.2442 0.1957
vn 0.8225 -0.3245 -0.4671
vn 0.8171 -0.3276 -0.4744
vn 0.5904 -0.2972 -0.7504
vn 0.5950 -0.3014 -0.7450
vn 0.2817 -0.2231 -0.9332
vn 0.3020 -0.2322 -0.9246
vn -0.0591 -0.1133 -0.9918
vn -0.0244 -0.1291 -0.9913
vn -0.0591 -0.1133 -0.9918
vn -0.3835 0.0154 -0.9234
vn -0.3421 -0.0060 -0.9396
vn -0.0244 -0.1291 -0.9913
vn -0.6502 0.1449 -0.7458
vn -0.6141 0.1221 -0.7798
vn -0.8334 0.2605 -0.4875
vn -0.8128 0.2416 -0.5300
vn -0.9192 0.3514 -0.1780
vn -0.9156 0.3396 -0.2152
vn -0.9001 0.4087 0.1507
vn -0.9062 0.4031 0.1279
vn -0.7777 0.4260 0.4624
vn -0.7831 0.4233 0.4557
vn -0.5651 0.4008 0.7211
vn -0.5610 0.3971 0.7264
vn -0.2870 0.3362 0.8970
vn -0.2677 0.3278 0.9060
vn 0.0245 0.2397 0.9705
vn 0.0592 0.2245 0.9727
vn 0.3348 0.1222 0.9343
vn 0.3779 0.1009 0.9203
vn 0.6118 -0.0043 0.7910
vn 0.6500 -0.0274 0.7595
vn 0.8254 -0.1273 0.5501
vn 0.8478 -0.1466 0.5097
vn 0.9237 -0.3570 -0.1390
vn 0.9338 -0.2939 0.2038
vn 0.8005 -0.3768 -0.4661
vn 0.5789 -0.3506 -0.7362
vn 0.2864 -0.2818 -0.9157
vn -0.0402 -0.1789 -0.9830
vn -0.3594 -0.0550 -0.9316
vn -0.0402 -0.1789 -0.9830
vn -0.6328 0.0747 -0.7707
vn -0.8318 0.1957 -0.5194
vn -0.9338 0.2939 -0.2038
vn -0.9237 0.3570 0.1390
vn -0.8005 0.3768 0.4661
vn -0.5789 0.3506 0.7362
vn -0.2864 0.2818 0.9157
vn 0.0402 0.1789 0.9830
vn 0.3594 0.0550 0.9316
vn 0.6328 -0.0747 0.7707
vn 0.8318 -0.1957 0.5194
vn 0.8755 -0.4690 -0.1164
vn 0.8857 -0.4068 0.2237
vn 0.7533 -0.4884 -0.4404
vn 0.5339 -0.4625 -0.7079
vn 0.2441 -0.3944 -0.8859
vn -0.0798 -0.2927 -0.9529
vn -0.3974 -0.1699 -0.9018
vn -0.0798 -0.2927 -0.9529
vn -0.6699 -0.0408 -0.7414
vn -0.8674 0.0796 -0.4912
vn -0.9680 0.1770 -0.1779
vn -0.9574 0.2391 0.1619
vn -0.8352 0.2584 0.4855
vn -0.6159 0.2325 0.7527
vn -0.3265 0.1646 0.9308
vn -0.0030 0.0630 0.9980
vn 0.3137 -0.0598 0.9476
vn 0.5858 -0.1890 0.7881
vn 0.7843 -0.3094 0.5377
vn 0.8947 -0.4309 -0.1178
vn 0.9025 -0.3667 0.2260
vn 0.7717 -0.4518 -0.4475
vn 0.5483 -0.4255 -0.7200
vn 0.2531 -0.3552 -0.8998
vn -0.0749 -0.2513 -0.9650
vn -0.3929 -0.1297 -0.9104
vn -0.0749 -0.2513 -0.9650
vn -0.6632 -0.0078 -0.7484
vn -0.8597 0.1031 -0.5003
vn -0.9623 0.1954 -0.1893
vn -0.9542 0.2575 0.1521
vn -0.8318 0.2777 0.4806
vn -0.6089 0.2514 0.7523
vn -0.3148 0.1820 0.9316
vn 0.0111 0.0802 0.9967
vn 0.3266 -0.0377 0.9444
vn 0.5973 -0.1576 0.7864
vn 0.7973 -0.2707 0.5394
f 1513/1513/1513 1514/1514/1514 1515/1515/1515
f 1515/1515/1515 1516/1516/1516 1513/1513/1513
f 1514/1514/1514 1517/1517/1517 1518/1518/1518
f 1518/1518/1518 1515/1515/1515 1514/1514/1514
f 1517/1517/1517 1519/1519/1519 1520/1520/1520
f 1520/1520/1520 1518/1518/1518 1517/1517/1517
f 1519/1519/1519 1521/1521/1521 1522/1522/1522
f 1522/1522/1522 1520/1520/1520 1519/1519/1519
f 1521/1521/1521 1523/1523/1523 1524/1524/1524
f 1524/1524/1524 1522/1522/1522 1521/1521/1521
f 1525/1525/1525 1526/1526/1526 1527/1527/1527
f 1527/1527/1527 1528/1528/1528 1525/1525/1525
f 1526/1526/1526 1529/1529/1529 1530/1530/1530
f 1530/1530/1530 1527/1527/1527 1526/1526/1526
f 1529/1529/1529 1531/1531/1531 1532/1532/1532
f 1532/1532/1532 1530/1530/1530 1529/1529/1529
f 1531/1531/1531 1533/1533/1533 1534/1534/1534
f 1534/1534/1534 1532/1532/1532 1531/1531/1531
f 1533/1533/1533 1535/1535/1535 1536/1536/1536
f 1536/1536/1536 1534/1534/1534 1533/1533/1533
f 1535/1535/1535 1537/1537/1537 1538/1538/1538
f 1538/1538/1538 1536/1536/1536 1535/1535/1535
f 1537/1537/1537 1539/1539/1539 1540/1540/1540
f 1540/1540/1540 1538/1538/1538 1537/1537/1537
f 1539/1539/1539 1541/1541/1541 1542/1542/1542
f 1542/1542/1542 1540/1540/1540 1539/1539/1539
f 1541/1541/1541 1543/1543/1543 1544/1544/1544
f 1544/1544/1544 1542/1542/1542 1541/1541/1541
f 1543/1543/1543 1545/1545/1545 1546/1546/1546
f 1546/1546/1546 1544/1544/1544 1543/1543/1543
f 1545/1545/1545 1547/1547/1547 1548/1548/1548
f 1548/1548/1548 1546/1546/1546 1545/1545/1545
f 1547/1547/1547 1549/1549/1549 1550/1550/1550
f 1550/1550/1550 1548/1548/1548 1547/1547/1547
f 1549/1549/1549 1513/1513/1513 1516/1516/1516
f 1516/1516/1516 1550/1550/1550 1549/1549/1549
f 1516/1516/1516 1515/1515/1515 1551/1551/1551
f 1551/1551/1551 1552/1552/1552 1516/1516/1516
f 1515/1515/1515 1518/1518/1518 1553/1553/1553
f 1553/1553/1553 1551/1551/1551 1515/1515/1515
f 1518/1518/1518 1520/1520/1520 1554/1554/1554
f 1554/1554/1554 1553/1553/1553 1518/1518/1518
f 1520/1520/1520 1522/1522/1522 1555/1555/1555
f 1555/1555/1555 1554/1554/1554 1520/1520/1520
f 1522/1522/1522 1524/1524/1524 1556/1556/1556
f 1556/1556/1556 1555/1555/1555 1522/1522/1522
f 1528/1528/1528 1527/1527/1527 1557/1557/1557
f 1557/1557/1557 1558/1558/1558 1528/1528/1528
f 1527/1527/1527 1530/1530/1530 1559/1559/1559
f 1559/1559/1559 1557/1557/1557 1527/1527/1527
f 1530/1530/1530 1532/1532/1532 1560/1560/1560
f 1560/1560/1560 1559/1559/1559 1530/1530/1530
f 1532/1532/1532 1534/1534/1534 1561/1561/1561
f 1561/1561/1561 1560/1560/1560 1532/1532/1532
f 1534/1534/1534 1536/1536/1536 1562/1562/1562
f 1562/1562/1562 1561/1561/1561 1534/1534/1534
f 1536/1536/1536 1538/1538/1538 1563/1563/1563
f 1563/1563/1563 1562/1562/1562 1536/1536/1536
f 1538/1538/1538 1540/1540/1540 1564/1564/1564
f 1564/1564/1564 1563/1563/1563 1538/1538/1538
f 1540/1540/1540 1542/1542/1542 1565/1565/1565
f 1565/1565/1565 1564/1564/1564 1540/1540/1540
f 1542/1542/1542 1544/1544/1544 1566/1566/1566
f 1566/1566/1566 1565/1565/1565 1542/1542/1542
f 1544/1544/1544 1546/1546/1546 1567/1567/1567
f 1567/1567/1567 1566/1566/1566 1544/1544/1544
f 1546/1546/1546 1548/1548/1548 1568/1568/1568
f 1568/1568/1568 1567/1567/1567 1546/1546/1546
f 1548/1548/1548 1550/1550/1550 1569/1569/1569
f 1569/1569/1569 1568/1568/1568 1548/1548/1548
f 1550/1550/1550 1516/1516/1516 1552/1552/1552
f 1552/1552/1552 1569/1569/1569 1550/1550/1550
f 1552/1552/1552 1551/1551/1551 1570/1570/1570
f 1570/1570/1570 1571/1571/1571 1552/1552/1552
f 1551/1551/1551 1553/1553/1553 1572/1572/1572
f 1572/1572/1572 1570/1570/1570 1551/1551/1551
f 1553/1553/1553 1554/1554/1554 1573/1573/1573
f 1573/1573/1573 1572/1572/1572 1553/1553/1553
f 1554/1554/1554 1555/1555/1555 1574/1574/1574
f 1574/1574/1574 1573/1573/1573 1554/1554/1554
f 1555/1555/1555 1556/1556/1556 1575/1575/1575
f 1575/1575/1575 1574/1574/1574 1555/1555/1555
f 1558/1558/1558 1557/1557/1557 1576/1576/1576
f 1576/1576/1576 1577/1577/1577 1558/1558/1558
f 1557/1557/1557 1559/1559/1559 1578/1578/1578
f 1578/1578/1578 1576/1576/1576 1557/1557/1557
f 1559/1559/1559 1560/1560/1560 1579/1579/1579
f 1579/1579/1579 1578/1578/1578 1559/1559/1559
f 1560/1560/1560 1561/1561/1561 1580/1580/1580
f 1580/1580/1580 1579/1579/1579 1560/1560/1560
f 1561/1561/1561 1562/1562/1562 1581/1581/1581
f 1581/1581/1581 1580/1580/1580 1561/1561/1561
f 1562/1562/1562 1563/1563/1563 1582/1582/1582
f 1582/1582/1582 1581/1581/1581 1562/1562/1562
f 1563/1563/1563 1564/1564/1564 1583/1583/1583
f 1583/1583/1583 1582/1582/1582 1563/1563/1563
f 1564/1564/1564 1565/1565/1565 1584/1584/1584
f 1584/1584/1584 1583/1583/1583 1564/1564/1564
f 1565/1565/1565 1566/1566/1566 1585/1585/1585
f 1585/1585/1585 1584/1584/1584 1565/1565/1565
f 1566/1566/1566 1567/1567/1567 1586/1586/1586
f 1586/1586/1586 1585/1585/1585 1566/1566/1566
f 1567/1567/1567 1568/1568/1568 1587/1587/1587
f 1587/1587/1587 1586/1586/1586 1567/1567/1567
f 1568/1568/1568 1569/1569/1569 1588/1588/1588
f 1588/1588/1588 1587/1587/1587 1568/1568/1568
f 1569/1569/1569 1552/1552/1552 1571/1571/1571
f 1571/1571/1571 1588/1588/1588 1569/1569/1569
f 1571/1571/1571 1570/1570/1570 1589/1589/1589
f 1589/1589/1589 1590/1590/1590 1571/1571/1571
f 1570/1570/1570 1572/1572/1572 1591/1591/1591
f 1591/1591/1591 1589/1589/1589 1570/1570/1570
f 1572/1572/1572 1573/1573/1573 1592/1592/1592
f 1592/1592/1592 1591/1591/1591 1572/1572/1572
f 1573/1573/1573 1574/1574/1574 1593/1593/1593
f 1593/1593/1593 1592/1592/1592 1573/1573/1573
f 1574/1574/1574 1575/1575/1575 1594/1594/1594
f 1594/1594/1594 1593/1593/1593 1574/1574/1574
f 1577/1577/1577 1576/1576/1576 1595/1595/1595
f 1595/1595/1595 1596/1596/1596 1577/1577/1577
f 1576/1576/1576 1578/1578/1578 1597/1597/1597
f 1597/1597/1597 1595/1595/1595 1576/1576/1576
f 1578/1578/1578 1579/1579/1579 1598/1598/1598
f 1598/1598/1598 1597/1597/1597 1578/1578/1578
f 1579/1579/1579 1580/1580/1580 1599/1599/1599
f 1599/1599/1599 1598/1598/1598 1579/1579/1579
f 1580/1580/1580 1581/1581/1581 1600/1600/1600
f 1600/1600/1600 1599/1599/1599 1580/1580/1580
f 1581/1581/1581 1582/1582/1582 1601/1601/1601
f 1601/1601/1601 1600/1600/1600 1581/1581/1581
f 1582/1582/1582 1583/1583/1583 1602/1602/1602
f 1602/1602/1602 1601/1601/1601 1582/1582/1582
f 1583/1583/1583 1584/1584/1584 1603/1603/1603
f 1603/1603/1603 1602/1602/1602 1583/1583/1583
f 1584/1584/1584 1585/1585/1585 1604/1604/1604
f 1604/1604/1604 1603/1603/1603 1584/1584/1584
f 1585/1585/1585 1586/1586/1586 1605/1605/1605
f 1605/1605/1605 1604/1604/1604 1585/1585/1585
f 1586/1586/1586 1587/1587/1587 1606/1606/1606
f 1606/1606/1606 1605/1605/1605 1586/1586/1586
f 1587/1587/1587 1588/1588/1588 1607/1607/1607
f 1607/1607/1607 1606/1606/1606 1587/1587/1587
f 1588/1588/1588 1571/1571/1571 1590/1590/1590
f 1590/1590/1590 1607/1607/1607 1588/1588/1588
f 1608/1608/1608 1609/1609/1609 1610/1610/1610
f 1610/1610/1610 1611/1611/1611 1608/1608/1608
f 1609/1609/1609 1612/1612/1612 1613/1613/1613
f 1613/1613/1613 1610/1610/1610 1609/1609/1609
f 1612/1612/1612 1614/1614/1614 1615/1615/1615
f 1615/1615/1615 1613/1613/1613 1612/1612/1612
f 1614/1614/1614 1616/1616/1616 1617/1617/1617
f 1617/1617/1617 1615/1615/1615 1614/1614/1614
f 1616/1616/1616 1618/1618/1618 1619/1619/1619
f 1619/1619/1619 1617/1617/1617 1616/1616/1616
f 1620/1620/1620 1621/1621/1621 1622/1622/1622
f 1622/1622/1622 1623/1623/1623 1620/1620/1620
f 1621/1621/1621 1624/1624/1624 1625/1625/1625
f 1625/1625/1625 1622/1622/1622 1621/1621/1621
f 1624/1624/1624 1626/1626/1626 1627/1627/1627
f 1627/1627/1627 1625/1625/1625 1624/1624/1624
f 1626/1626/1626 1628/1628/1628 1629/1629/1629
f 1629/1629/1629 1627/1627/1627 1626/1626/1626
f 1628/1628/1628 1630/1630/1630 1631/1631/1631
f 1631/1631/1631 1629/1629/1629 1628/1628/1628
f 1630/1630/1630 1632/1632/1632 1633/1633/1633
f 1633/1633/1633 1631/1631/1631 1630/1630/1630
f 1632/1632/1632 1634/1634/1634 1635/1635/1635
f 1635/1635/1635 1633/1633/1633 1632/1632/1632
f 1634/1634/1634 1636/1636/1636 1637/1637/1637
f 1637/1637/1637 1635/1635/1635 1634/1634/1634
f 1636/1636/1636 1638/1638/1638 1639/1639/1639
f 1639/1639/1639 1637/1637/1637 1636/1636/1636
f 1638/1638/1638 1640/1640/1640 1641/1641/1641
f 1641/1641/1641 1639/1639/1639 1638/1638/1638
f 1640/1640/1640 1642/1642/1642 1643/1643/1643
f 1643/1643/1643 1641/1641/1641 1640/1640/1640
f 1642/1642/1642 1644/1644/1644 1645/1645/1645
f 1645/1645/1645 1643/1643/1643 1642/1642/1642
f 1644/1644/1644 1608/1608/1608 1611/1611/1611
f 1611/1611/1611 1645/1645/1645 1644/1644/1644
f 1611/1611/1611 1610/1610/1610 1646/1646/1646
f 1646/1646/1646 1647/1647/1647 1611/1611/1611
f 1610/1610/1610 1613/1613/1613 1648/1648/1648
f 1648/1648/1648 1646/1646/1646 1610/1610/1610
f 1613/1613/1613 1615/1615/1615 1649/1649/1649
f 1649/1649/1649 1648/1648/1648 1613/1613/1613
f 1615/1615/1615 1617/1617/1617 1650/1650/1650
f 1650/1650/1650 1649/1649/1649 1615/1615/1615
f 1617/1617/1617 1619/1619/1619 1651/1651/1651
f 1651/1651/1651 1650/1650/1650 1617/1617/1617
f 1623/1623/1623 1622/1622/1622 1652/1652/1652
f 1652/1652/1652 1653/1653/1653 1623/1623/1623
f 1622/1622/1622 1625/1625/1625 1654/1654/1654
f 1654/1654/1654 1652/1652/1652 1622/1622/1622
f 1625/1625/1625 1627/1627/1627 1655/1655/1655
f 1655/1655/1655 1654/1654/1654 1625/1625/1625
f 1627/1627/1627 1629/1629/1629 1656/1656/1656
f 1656/1656/1656 1655/1655/1655 1627/1627/1627
f 1629/1629/1629 1631/1631/1631 1657/1657/1657
f 1657/1657/1657 1656/1656/1656 1629/1629/1629
f 1631/1631/1631 1633/1633/1633 1658/1658/1658
f 1658/1658/1658 1657/1657/1657 1631/1631/1631
f 1633/1633/1633 1635/1635/1635 1659/1659/1659
f 1659/1659/1659 1658/1658/1658 1633/1633/1633
f 1635/1635/1635 1637/1637/1637 1660/1660/1660
f 1660/1660/1660 1659/1659/1659 1635/1635/1635
f 1637/1637/1637 1639/1639/1639 1661/1661/1661
f 1661/1661/1661 1660/1660/1660 1637/1637/1637
f 1639/1639/1639 1641/1641/1641 1662/1662/1662
f 1662/1662/1662 1661/1661/1661 1639/1639/1639
f 1641/1641/1641 1643/1643/1643 1663/1663/1663
f 1663/1663/1663 1662/1662/1662 1641/1641/1641
f 1643/1643/1643 1645/1645/1645 1664/1664/1664
f 1664/1664/1664 1663/1663/1663 1643/1643/1643
f 1645/1645/1645 1611/1611/1611 1647/1647/1647
f 1647/1647/1647 1664/1664/1664 1645/1645/1645
f 1647/1647/1647 1646/1646/1646 1665/1665/1665
f 1665/1665/1665 1666/1666/1666 1647/1647/1647
f 1646/1646/1646 1648/1648/1648 1667/1667/1667
f 1667/1667/1667 1665/1665/1665 1646/1646/1646
f 1648/1648/1648 1649/1649/1649 1668/1668/1668
f 1668/1668/1668 1667/1667/1667 1648/1648/1648
f 1649/1649/1649 1650/1650/1650 1669/1669/1669
f 1669/1669/1669 1668/1668/1668 1649/1649/1649
f 1650/1650/1650 1651/1651/1651 1670/1670/1670
f 1670/1670/1670 1669/1669/1669 1650/1650/1650
f 1653/1653/1653 1652/1652/1652 1671/1671/1671
f 1671/1671/1671 1672/1672/1672 1653/1653/1653
f 1652/1652/1652 1654/1654/1654 1673/1673/1673
f 1673/1673/1673 1671/1671/1671 1652/1652/1652
f 1654/1654/1654 1655/1655/1655 1674/1674/1674
f 1674/1674/1674 1673/1673/1673 1654/1654/1654
f 1655/1655/1655 1656/1656/1656 1675/1675/1675
f 1675/1675/1675 1674/1674/1674 1655/1655/1655
f 1656/1656/1656 1657/1657/1657 1676/1676/1676
f 1676/1676/1676 1675/1675/1675 1656/1656/1656
f 1657/1657/1657 1658/1658/1658 1677/1677/1677
f 1677/1677/1677 1676/1676/1676 1657/1657/1657
f 1658/1658/1658 1659/1659/1659 1678/1678/1678
f 1678/1678/1678 1677/1677/1677 1658/1658/1658
f 1659/1659/1659 1660/1660/1660 1679/1679/1679
f 1679/1679/1679 1678/1678/1678 1659/1659/1659
f 1660/1660/1660 1661/1661/1661 1680/1680/1680
f 1680/1680/1680 1679/1679/1679 1660/1660/1660
f 1661/1661/1661 1662/1662/1662 1681/1681/1681
f 1681/1681/1681 1680/1680/1680 1661/1661/1661
f 1662/1662/1662 1663/1663/1663 1682/1682/1682
f 1682/1682/1682 1681/1681/1681 1662/1662/1662
f 1663/1663/1663 1664/1664/1664 1683/1683/1683
f 1683/1683/1683 1682/1682/1682 1663/1663/1663
f 1664/1664/1664 1647/1647/1647 1666/1666/1666
f 1666/1666/1666 1683/1683/1683 1664/1664/1664
f 1666/1666/1666 1665/1665/1665 1684/1684/1684
f 1684/1684/1684 1685/1685/1685 1666/1666/1666
f 1665/1665/1665 1667/1667/1667 1686/1686/1686
f 1686/1686/1686 1684/1684/1684 1665/1665/1665
f 1667/1667/1667 1668/1668/1668 1687/1687/1687
f 1687/1687/1687 1686/1686/1686 1667/1667/1667
f 1668/1668/1668 1669/1669/1669 1688/1688/1688
f 1688/1688/1688 1687/1687/1687 1668/1668/1668
f 1669/1669/1669 1670/1670/1670 1689/1689/1689
f 1689/1689/1689 1688/1688/1688 1669/1669/1669
f 1672/1672/1672 1671/1671/1671 1690/1690/1690
f 1690/1690/1690 1691/1691/1691 1672/1672/1672
f 1671/1671/1671 1673/1673/1673 1692/1692/1692
f 1692/1692/1692 1690/1690/1690 1671/1671/1671
f 1673/1673/1673 1674/1674/1674 1693/1693/1693
f 1693/1693/1693 1692/1692/1692 1673/1673/1673
f 1674/1674/1674 1675/1675/1675 1694/1694/1694
f 1694/1694/1694 1693/1693/1693 1674/1674/1674
f 1675/1675/1675 1676/1676/1676 1695/1695/1695
f 1695/1695/1695 1694/1694/1694 1675/1675/1675
f 1676/1676/1676 1677/1677/1677 1696/1696/1696
f 1696/1696/1696 1695/1695/1695 1676/1676/1676
f 1677/1677/1677 1678/1678/1678 1697/1697/1697
f 1697/1697/1697 1696/1696/1696 1677/1677/1677
f 1678/1678/1678 1679/1679/1679 1698/1698/1698
f 1698/1698/1698 1697/1697/1697 1678/1678/1678
f 1679/1679/1679 1680/1680/1680 1699/1699/1699
f 1699/1699/1699 1698/1698/1698 1679/1679/1679
f 1680/1680/1680 1681/1681/1681 1700/1700/1700
f 1700/1700/1700 1699/1699/1699 1680/1680/1680
f 1681/1681/1681 1682/1682/1682 1701/1701/1701
f 1701/1701/1701 1700/1700/1700 1681/1681/1681
f 1682/1682/1682 1683/1683/1683 1702/1702/1702
f 1702/1702/1702 1701/1701/1701 1682/1682/1682
f 1683/1683/1683 1666/1666/1666 1685/1685/1685
f 1685/1685/1685 1702/1702/1702 1683/1683/1683
f 1703/1703/1703 1704/1704/1704 1705/1705/1705
f 1705/1705/1705 1706/1706/1706 1703/1703/1703
f 1704/1704/1704 1707/1707/1707 1708/1708/1708
f 1708/1708/1708 1705/1705/1705 1704/1704/1704
f 1707/1707/1707 1709/1709/1709 1710/1710/1710
f 1710/1710/1710 1708/1708/1708 1707/1707/1707
f 1709/1709/1709 1711/1711/1711 1712/1712/1712
f 1712/1712/1712 1710/1710/1710 1709/1709/1709
f 1711/1711/1711 1713/1713/1713 1714/1714/1714
f 1714/1714/1714 1712/1712/1712 1711/1711/1711
f 1715/1715/1715 1716/1716/1716 1717/1717/1717
f 1717/1717/1717 1718/1718/1718 1715/1715/1715
f 1716/1716/1716 1719/1719/1719 1720/1720/1720
f 1720/1720/1720 1717/1717/1717 1716/1716/1716
f 1719/1719/1719 1721/1721/1721 1722/1722/1722
f 1722/1722/1722 1720/1720/1720 1719/1719/1719
f 1721/1721/1721 1723/1723/1723 1724/1724/1724
f 1724/1724/1724 1722/1722/1722 1721/1721/1721
f 1723/1723/1723 1725/1725/1725 1726/1726/1726
f 1726/1726/1726 1724/1724/1724 1723/1723/1723
f 1725/1725/1725 1727/1727/1727 1728/1728/1728
f 1728/1728/1728 1726/1726/1726 1725/1725/1725
f 1727/1727/1727 1729/1729/1729 1730/1730/1730
f 1730/1730/1730 1728/1728/1728 1727/1727/1727
f 1729/1729/1729 1731/1731/1731 1732/1732/1732
f 1732/1732/1732 1730/1730/1730 1729/1729/1729
f 1731/1731/1731 1733/1733/1733 1734/1734/1734
f 1734/1734/1734 1732/1732/1732 1731/1731/1731
f 1733/1733/1733 1735/1735/1735 1736/1736/1736
f 1736/1736/1736 1734/1734/1734 1733/1733/1733
f 1735/1735/1735 1737/1737/1737 1738/1738/1738
f 1738/1738/1738 1736/1736/1736 1735/1735/1735
f 1737/1737/1737 1739/1739/1739 1740/1740/1740
f 1740/1740/1740 1738/1738/1738 1737/1737/1737
f 1739/1739/1739 1703/1703/1703 1706/1706/1706
f 1706/1706/1706 1740/1740/1740 1739/1739/1739
f 1706/1706/1706 1705/1705/1705 1741/1741/1741
f 1741/1741/1741 1742/1742/1742 1706/1706/1706
f 1705/1705/1705 1708/1708/1708 1743/1743/1743
f 1743/1743/1743 1741/1741/1741 1705/1705/1705
f 1708/1708/1708 1710/1710/1710 1744/1744/1744
f 1744/1744/1744 1743/1743/1743 1708/1708/1708
f 1710/1710/1710 1712/1712/1712 1745/1745/1745
f 1745/1745/1745 1744/1744/1744 1710/1710/1710
f 1712/1712/1712 1714/1714/1714 1746/1746/1746
f 1746/1746/1746 1745/1745/1745 1712/1712/1712
f 1718/1718/1718 1717/1717/1717 1747/1747/1747
f 1747/1747/1747 1748/1748/1748 1718/1718/1718
f 1717/1717/1717 1720/1720/1720 1749/1749/1749
f 1749/1749/1749 1747/1747/1747 1717/1717/1717
f 1720/1720/1720 1722/1722/1722 1750/1750/1750
f 1750/1750/1750 1749/1749/1749 1720/1720/1720
f 1722/1722/1722 1724/1724/1724 1751/1751/1751
f 1751/1751/1751 1750/1750/1750 1722/1722/1722
f 1724/1724/1724 1726/1726/1726 1752/1752/1752
f 1752/1752/1752 1751/1751/1751 1724/1724/1724
f 1726/1726/1726 1728/1728/1728 1753/1753/1753
f 1753/1753/1753 1752/1752/1752 1726/1726/1726
f 1728/1728/1728 1730/1730/1730 1754/1754/1754
f 1754/1754/1754 1753/1753/1753 1728/1728/1728
f 1730/1730/1730 1732/1732/1732 1755/1755/1755
f 1755/1755/1755 1754/1754/1754 1730/1730/1730
f 1732/1732/1732 1734/1734/1734 1756/1756/1756
f 1756/1756/1756 1755/1755/1755 1732/1732/1732
f 1734/1734/1734 1736/1736/1736 1757/1757/1757
f 1757/1757/1757 1756/1756/1756 1734/1734/1734
f 1736/1736/1736 1738/1738/1738 1758/1758/1758
f 1758/1758/1758 1757/1757/1757 1736/1736/1736
f 1738/1738/1738 1740/1740/1740 1759/1759/1759
f 1759/1759/1759 1758/1758/1758 1738/1738/1738
f 1740/1740/1740 1706/1706/1706 1742/1742/1742
f 1742/1742/1742 1759/1759/1759 1740/1740/1740
f 1742/1742/1742 1741/1741/1741 1760/1760/1760
f 1760/1760/1760 1761/1761/1761 1742/1742/1742
f 1741/1741/1741 1743/1743/1743 1762/1762/1762
f 1762/1762/1762 1760/1760/1760 1741/1741/1741
f 1743/1743/1743 1744/1744/1744 1763/1763/1763
f 1763/1763/1763 1762/1762/1762 1743/1743/1743
f 1744/1744/1744 1745/1745/1745 1764/1764/1764
f 1764/1764/1764 1763/1763/1763 1744/1744/1744
f 1745/1745/1745 1746/1746/1746 1765/1765/1765
f 1765/1765/1765 1764/1764/1764 1745/1745/1745
f 1748/1748/1748 1747/1747/1747 1766/1766/1766
f 1766/1766/1766 1767/1767/1767 1748/1748/1748
f 1747/1747/1747 1749/1749/1749 1768/1768/1768
f 1768/1768/1768 1766/1766/1766 1747/1747/1747
f 1749/1749/1749 1750/1750/1750 1769/1769/1769
f 1769/1769/1769 1768/1768/1768 1749/1749/1749
f 1750/1750/1750 1751/1751/1751 1770/1770/1770
f 1770/1770/1770 1769/1769/1769 1750/1750/1750
f 1751/1751/1751 1752/1752/1752 1771/1771/1771
f 1771/1771/1771 1770/1770/1770 1751/1751/1751
f 1752/1752/1752 1753/1753/1753 1772/1772/1772
f 1772/1772/1772 1771/1771/1771 1752/1752/1752
f 1753/1753/1753 1754/1754/1754 1773/1773/1773
f 1773/1773/1773 1772/1772/1772 1753/1753/1753
f 1754/1754/1754 1755/1755/1755 1774/1774/1774
f 1774/1774/1774 1773/1773/1773 1754/1754/1754
f 1755/1755/1755 1756/1756/1756 1775/1775/1775
f 1775/1775/1775 1774/1774/1774 1755/1755/1755
f 1756/1756/1756 1757/1757/1757 1776/1776/1776
f 1776/1776/1776 1775/1775/1775 1756/1756/1756
f 1757/1757/1757 1758/1758/1758 1777/1777/1777
f 1777/1777/1777 1776/1776/1776 1757/1757/1757
f 1758/1758/1758 1759/1759/1759 1778/1778/1778
f 1778/1778/1778 1777/1777/1777 1758/1758/1758
f 1759/1759/1759 1742/1742/1742 1761/1761/1761
f 1761/1761/1761 1778/1778/1778 1759/1759/1759
f 1761/1761/1761 1760/1760/1760 1779/1779/1779
f 1779/1779/1779 1780/1780/1780 1761/1761/1761
f 1760/1760/1760 1762/1762/1762 1781/1781/1781
f 1781/1781/1781 1779/1779/1779 1760/1760/1760
f 1762/1762/1762 1763/1763/1763 1782/1782/1782
f 1782/1782/1782 1781/1781/1781 1762/1762/1762
f 1763/1763/1763 1764/1764/1764 1783/1783/1783
f 1783/1783/1783 1782/1782/1782 1763/1763/1763
f 1764/1764/1764 1765/1765/1765 1784/1784/1784
f 1784/1784/1784 1783/1783/1783 1764/1764/1764
f 1767/1767/1767 1766/1766/1766 1785/1785/1785
f 1785/1785/1785 1786/1786/1786 1767/1767/1767
f 1766/1766/1766 1768/1768/1768 1787/1787/1787
f 1787/1787/1787 1785/1785/1785 1766/1766/1766
f 1768/1768/1768 1769/1769/1769 1788/1788/1788
f 1788/1788/1788 1787/1787/1787 1768/1768/1768
f 1769/1769/1769 1770/1770/1770 1789/1789/1789
f 1789/1789/1789 1788/1788/1788 1769/1769/1769
f 1770/1770/1770 1771/1771/1771 1790/1790/1790
f 1790/1790/1790 1789/1789/1789 1770/1770/1770
f 1771/1771/1771 1772/1772/1772 1791/1791/1791
f 1791/1791/1791 1790/1790/1790 1771/1771/1771
f 1772/1772/1772 1773/1773/1773 1792/1792/1792
f 1792/1792/1792 1791/1791/1791 1772/1772/1772
f 1773/1773/1773 1774/1774/1774 1793/1793/1793
f 1793/1793/1793 1792/1792/1792 1773/1773/1773
f 1774/1774/1774 1775/1775/1775 1794/1794/1794
f 1794/1794/1794 1793/1793/1793 1774/1774/1774
f 1775/1775/1775 1776/1776/1776 1795/1795/1795
f 1795/1795/1795 1794/1794/1794 1775/1775/1775
f 1776/1776/1776 1777/1777/1777 1796/1796/1796
f 1796/1796/1796 1795/1795/1795 1776/1776/1776
f 1777/1777/1777 1778/1778/1778 1797/1797/1797
f 1797/1797/1797 1796/1796/1796 1777/1777/1777
f 1778/1778/1778 1761/1761/1761 1780/1780/1780
f 1780/1780/1780 1797/1797/1797 1778/1778/1778
f 1798/1798/1798 1799/1799/1799 1800/1800/1800
f 1800/1800/1800 1801/1801/1801 1798/1798/1798
f 1799/1799/1799 1802/1802/1802 1803/1803/1803
f 1803/1803/1803 1800/1800/1800 1799/1799/1799
f 1802/1802/1802 1804/1804/1804 1805/1805/1805
f 1805/1805/1805 1803/1803/1803 1802/1802/1802
f 1804/1804/1804 1806/1806/1806 1807/1807/1807
f 1807/1807/1807 1805/1805/1805 1804/1804/1804
f 1806/1806/1806 1808/1808/1808 1809/1809/1809
f 1809/1809/1809 1807/1807/1807 1806/1806/1806
f 1810/1810/1810 1811/1811/1811 1812/1812/1812
f 1812/1812/1812 1813/1813/1813 1810/1810/1810
f 1811/1811/1811 1814/1814/1814 1815/1815/1815
f 1815/1815/1815 1812/1812/1812 1811/1811/1811
f 1814/1814/1814 1816/1816/1816 1817/1817/1817
f 1817/1817/1817 1815/1815/1815 1814/1814/1814
f 1816/1816/1816 1818/1818/1818 1819/1819/1819
f 1819/1819/1819 1817/1817/1817 1816/1816/1816
f 1818/1818/1818 1820/1820/1820 1821/1821/1821
f 1821/1821/1821 1819/1819/1819 1818/1818/1818
f 1820/1820/1820 1822/1822/1822 1823/1823/1823
f 1823/1823/1823 1821/1821/1821 1820/1820/1820
f 1822/1822/1822 1824/1824/1824 1825/1825/1825
f 1825/1825/1825 1823/1823/1823 1822/1822/1822
f 1824/1824/1824 1826/1826/1826 1827/1827/1827
f 1827/1827/1827 1825/1825/1825 1824/1824/1824
f 1826/1826/1826 1828/1828/1828 1829/1829/1829
f 1829/1829/1829 1827/1827/1827 1826/1826/1826
f 1828/1828/1828 1830/1830/1830 1831/1831/1831
f 1831/1831/1831 1829/1829/1829 1828/1828/1828
f 1830/1830/1830 1832/1832/1832 1833/1833/1833
f 1833/1833/1833 1831/1831/1831 1830/1830/1830
f 1832/1832/1832 1834/1834/1834 1835/1835/1835
f 1835/1835/1835 1833/1833/1833 1832/1832/1832
f 1834/1834/1834 1798/1798/1798 1801/1801/1801
f 1801/1801/1801 1835/1835/1835 1834/1834/1834
f 1801/1801/1801 1800/1800/1800 1836/1836/1836
f 1836/1836/1836 1837/1837/1837 1801/1801/1801
f 1800/1800/1800 1803/1803/1803 1838/1838/1838
f 1838/1838/1838 1836/1836/1836 1800/1800/1800
f 1803/1803/1803 1805/1805/1805 1839/1839/1839
f 1839/1839/1839 1838/1838/1838 1803/1803/1803
f 1805/1805/1805 1807/1807/1807 1840/1840/1840
f 1840/1840/1840 1839/1839/1839 1805/1805/1805
f 1807/1807/1807 1809/1809/1809 1841/1841/1841
f 1841/1841/1841 1840/1840/1840 1807/1807/1807
f 1813/1813/1813 1812/1812/1812 1842/1842/1842
f 1842/1842/1842 1843/1843/1843 1813/1813/1813
f 1812/1812/1812 1815/1815/1815 1844/1844/1844
f 1844/1844/1844 1842/1842/1842 1812/1812/1812
f 1815/1815/1815 1817/1817/1817 1845/1845/1845
f 1845/1845/1845 1844/1844/1844 1815/1815/1815
f 1817/1817/1817 1819/1819/1819 1846/1846/1846
f 1846/1846/1846 1845/1845/1845 1817/1817/1817
f 1819/1819/1819 1821/1821/1821 1847/1847/1847
f 1847/1847/1847 1846/1846/1846 1819/1819/1819
f 1821/1821/1821 1823/1823/1823 1848/1848/1848
f 1848/1848/1848 1847/1847/1847 1821/1821/1821
f 1823/1823/1823 1825/1825/1825 1849/1849/1849
f 1849/1849/1849 1848/1848/1848 1823/1823/1823
f 1825/1825/1825 1827/1827/1827 1850/1850/1850
f 1850/1850/1850 1849/1849/1849 1825/1825/1825
f 1827/1827/1827 1829/1829/1829 1851/1851/1851
f 1851/1851/1851 1850/1850/1850 1827/1827/1827
f 1829/1829/1829 1831/1831/1831 1852/1852/1852
f 1852/1852/1852 1851/1851/1851 1829/1829/1829
f 1831/1831/1831 1833/1833/1833 1853/1853/1853
f 1853/1853/1853 1852/1852/1852 1831/1831/1831
f 1833/1833/1833 1835/1835/1835 1854/1854/1854
f 1854/1854/1854 1853/1853/1853 1833/1833/1833
f 1835/1835/1835 1801/1801/1801 1837/1837/1837
f 1837/1837/1837 1854/1854/1854 1835/1835/1835
f 1837/1837/1837 1836/1836/1836 1855/1855/1855
f 1855/1855/1855 1856/1856/1856 1837/1837/1837
f 1836/1836/1836 1838/1838/1838 1857/1857/1857
f 1857/1857/1857 1855/1855/1855 1836/1836/1836
f 1838/1838/1838 1839/1839/1839 1858/1858/1858
f 1858/1858/1858 1857/1857/1857 1838/1838/1838
f 1839/1839/1839 1840/1840/1840 1859/1859/1859
f 1859/1859/1859 1858/1858/1858 1839/1839/1839
f 1840/1840/1840 1841/1841/1841 1860/1860/1860
f 1860/1860/1860 1859/1859/1859 1840/1840/1840
f 1843/1843/1843 1842/1842/1842 1861/1861/1861
f 1861/1861/1861 1862/1862/1862 1843/1843/1843
f 1842/1842/1842 1844/1844/1844 1863/1863/1863
f 1863/1863/1863 1861/1861/1861 1842/1842/1842
f 1844/1844/1844 1845/1845/1845 1864/1864/1864
f 1864/1864/1864 1863/1863/1863 1844/1844/1844
f 1845/1845/1845 1846/1846/1846 1865/1865/1865
f 1865/1865/1865 1864/1864/1864 1845/1845/1845
f 1846/1846/1846 1847/1847/1847 1866/1866/1866
f 1866/1866/1866 1865/1865/1865 1846/1846/1846
f 1847/1847/1847 1848/1848/1848 1867/1867/1867
f 1867/1867/1867 1866/1866/1866 1847/1847/1847
f 1848/1848/1848 1849/1849/1849 1868/1868/1868
f 1868/1868/1868 1867/1867/1867 1848/1848/1848
f 1849/1849/1849 1850/1850/1850 1869/1869/1869
f 1869/1869/1869 1868/1868/1868 1849/1849/1849
f 1850/1850/1850 1851/1851/1851 1870/1870/1870
f 1870/1870/1870 1869/1869/1869 1850/1850/1850
f 1851/1851/1851 1852/1852/1852 1871/1871/1871
f 1871/1871/1871 1870/1870/1870 1851/1851/1851
f 1852/1852/1852 1853/1853/1853 1872/1872/1872
f 1872/1872/1872 1871/1871/1871 1852/1852/1852
f 1853/1853/1853 1854/1854/1854 1873/1873/1873
f 1873/1873/1873 1872/1872/1872 1853/1853/1853
f 1854/1854/1854 1837/1837/1837 1856/1856/1856
f 1856/1856/1856 1873/1873/1873 1854/1854/1854
f 1856/1856/1856 1855/1855/1855 1874/1874/1874
f 1874/1874/1874 1875/1875/1875 1856/1856/1856
f 1855/1855/1855 1857/1857/1857 1876/1876/1876
f 1876/1876/1876 1874/1874/1874 1855/1855/1855
f 1857/1857/1857 1858/1858/1858 1877/1877/1877
f 1877/1877/1877 1876/1876/1876 1857/1857/1857
f 1858/1858/1858 1859/1859/1859 1878/1878/1878
f 1878/1878/1878 1877/1877/1877 1858/1858/1858
f 1859/1859/1859 1860/1860/1860 1879/1879/1879
f 1879/1879/1879 1878/1878/1878 1859/1859/1859
f 1862/1862/1862 1861/1861/1861 1880/1880/1880
f 1880/1880/1880 1881/1881/1881 1862/1862/1862
f 1861/1861/1861 1863/1863/1863 1882/1882/1882
f 1882/1882/1882 1880/1880/1880 1861/1861/1861
f 1863/1863/1863 1864/1864/1864 1883/1883/1883
f 1883/1883/1883 1882/1882/1882 1863/1863/1863
f 1864/1864/1864 1865/1865/1865 1884/1884/1884
f 1884/1884/1884 1883/1883/1883 1864/1864/1864
f 1865/1865/1865 1866/1866/1866 1885/1885/1885
f 1885/1885/1885 1884/1884/1884 1865/1865/1865
f 1866/1866/1866 1867/1867/1867 1886/1886/1886
f 1886/1886/1886 1885/1885/1885 1866/1866/1866
f 1867/1867/1867 1868/1868/1868 1887/1887/1887
f 1887/1887/1887 1886/1886/1886 1867/1867/1867
f 1868/1868/1868 1869/1869/1869 1888/1888/1888
f 1888/1888/1888 1887/1887/1887 1868/1868/1868
f 1869/1869/1869 1870/1870/1870 1889/1889/1889
f 1889/1889/1889 1888/1888/1888 1869/1869/1869
f 1870/1870/1870 1871/1871/1871 1890/1890/1890
f 1890/1890/1890 1889/1889/1889 1870/1870/1870
f 1871/1871/1871 1872/1872/1872 1891/1891/1891
f 1891/1891/1891 1890/1890/1890 1871/1871/1871
f 1872/1872/1872 1873/1873/1873 1892/1892/1892
f 1892/1892/1892 1891/1891/1891 1872/1872/1872
f 1873/1873/1873 1856/1856/1856 1875/1875/1875
f 1875/1875/1875 1892/1892/1892 1873/1873/1873
o Magical Hats Card_03 - Default_0_6_0
usemtl 03_-_Default_2
v 536.64905 -2174.91873 312.87417
v 883.64905 -2174.91873 312.87417
v 883.64905 -2173.91873 312.87417
v 536.64905 -2173.91873 312.87417
v 888.64905 -2174.91873 307.87417
v 888.64905 -2174.91867 -219.12583
v 888.64905 -2173.91867 -219.12583
v 888.64905 -2173.91873 307.87417
v 883.64905 -2174.91867 -224.12583
v 536.64905 -2174.91867 -224.12583
v 536.64905 -2173.91867 -224.12583
v 883.64905 -2173.91867 -224.12583
v 531.64905 -2174.91867 -219.12583
v 531.64905 -2174.91873 307.87417
v 531.64905 -2173.91873 307.87417
v 531.64905 -2173.91867 -219.12583
v 887.39905 -2173.91873 311.62417
v 883.64905 -2173.91873 312.87417
v 883.64905 -2174.91873 312.87417
v 887.39905 -2174.91873 311.62417
v 532.89905 -2174.91873 311.62417
v 536.64905 -2174.91873 312.87417
v 536.64905 -2173.91873 312.87417
v 532.89905 -2173.91873 311.62417
v 887.39905 -2173.91867 -222.87583
v 888.64905 -2173.91867 -219.12583
v 888.64905 -2174.91867 -219.12583
v 887.39905 -2174.91867 -222.87583
v 532.89905 -2173.91867 -222.87583
v 536.64905 -2173.91867 -224.12583
v 536.64905 -2174.91867 -224.12583
v 532.89905 -2174.91867 -222.87583
v 887.39905 -2173.91873 311.62417
v 887.39905 -2174.91873 311.62417
v 532.89905 -2174.91873 311.62417
v 532.89905 -2173.91873 311.62417
v 887.39905 -2173.91867 -222.87583
v 887.39905 -2174.91867 -222.87583
v 532.89905 -2173.91867 -222.87583
v 532.89905 -2174.91867 -222.87583
vt 0.01401 1.00000
vt 0.98599 1.00000
vt 0.98599 0.00000
vt 0.01401 0.00000
vt 0.00931 1.00000
vt 0.99069 1.00000
vt 0.99069 0.00000
vt 0.00931 0.00000
vt 0.01401 1.00000
vt 0.98599 1.00000
vt 0.98599 0.00000
vt 0.01401 0.00000
vt 0.00931 1.00000
vt 0.99069 1.00000
vt 0.99069 0.00000
vt 0.00931 0.00000
vt -4.50402 -0.00039
vt -9.01736 -0.00078
vt -9.01736 0.99922
vt -4.50403 0.99961
vt 5.50402 1.00039
vt 10.01736 1.00078
vt 10.01736 0.00078
vt 5.50403 0.00039
vt -2.99039 -0.00026
vt -5.99478 -0.00052
vt -5.99478 0.99948
vt -2.99039 0.99974
vt -4.50402 -0.00039
vt -9.01736 -0.00078
vt -9.01736 0.99922
vt -4.50403 0.99961
vt -4.50402 -0.00039
vt -4.50403 0.99961
vt 5.50402 1.00039
vt 5.50403 0.00039
vt -2.99039 -0.00026
vt -2.99039 0.99974
vt -4.50402 -0.00039
vt -4.50403 0.99961
vn -0.1602 -0.0000 0.9871
vn 0.1602 -0.0000 0.9871
vn 0.1602 -0.0000 0.9871
vn -0.1602 -0.0000 0.9871
vn 0.9871 -0.0000 0.1602
vn 0.9871 0.0000 -0.1602
vn 0.9871 0.0000 -0.1602
vn 0.9871 -0.0000 0.1602
vn 0.1602 0.0000 -0.9871
vn -0.1602 0.0000 -0.9871
vn -0.1602 0.0000 -0.9871
vn 0.1602 0.0000 -0.9871
vn -0.9871 0.0000 -0.1602
vn -0.9871 -0.0000 0.1602
vn -0.9871 -0.0000 0.1602
vn -0.9871 0.0000 -0.1602
vn 0.3162 -0.0000 0.9487
vn 0.1602 -0.0000 0.9871
vn 0.1602 -0.0000 0.9871
vn 0.3162 -0.0000 0.9487
vn -0.3162 -0.0000 0.9487
vn -0.1602 -0.0000 0.9871
vn -0.1602 -0.0000 0.9871
vn -0.3162 -0.0000 0.9487
vn 0.9487 0.0000 -0.3162
vn 0.9871 0.0000 -0.1602
vn 0.9871 0.0000 -0.1602
vn 0.9487 0.0000 -0.3162
vn -0.3162 0.0000 -0.9487
vn -0.1602 0.0000 -0.9871
vn -0.1602 0.0000 -0.9871
vn -0.3162 0.0000 -0.9487
vn 0.9487 -0.0000 0.3162
vn 0.9487 -0.0000 0.3162
vn -0.9487 -0.0000 0.3162
vn -0.9487 -0.0000 0.3162
vn 0.3162 0.0000 -0.9487
vn 0.3162 0.0000 -0.9487
vn -0.9487 0.0000 -0.3162
vn -0.9487 0.0000 -0.3162
f 1893/1893/1893 1894/1894/1894 1895/1895/1895
f 1895/1895/1895 1896/1896/1896 1893/1893/1893
f 1897/1897/1897 1898/1898/1898 1899/1899/1899
f 1899/1899/1899 1900/1900/1900 1897/1897/1897
f 1901/1901/1901 1902/1902/1902 1903/1903/1903
f 1903/1903/1903 1904/1904/1904 1901/1901/1901
f 1905/1905/1905 1906/1906/1906 1907/1907/1907
f 1907/1907/1907 1908/1908/1908 1905/1905/1905
f 1909/1909/1909 1910/1910/1910 1911/1911/1911
f 1911/1911/1911 1912/1912/1912 1909/1909/1909
f 1913/1913/1913 1914/1914/1914 1915/1915/1915
f 1915/1915/1915 1916/1916/1916 1913/1913/1913
f 1917/1917/1917 1918/1918/1918 1919/1919/1919
f 1919/1919/1919 1920/1920/1920 1917/1917/1917
f 1921/1921/1921 1922/1922/1922 1923/1923/1923
f 1923/1923/1923 1924/1924/1924 1921/1921/1921
f 1900/1900/1900 1925/1925/1925 1926/1926/1926
f 1926/1926/1926 1897/1897/1897 1900/1900/1900
f 1906/1906/1906 1927/1927/1927 1928/1928/1928
f 1928/1928/1928 1907/1907/1907 1906/1906/1906
f 1904/1904/1904 1929/1929/1929 1930/1930/1930
f 1930/1930/1930 1901/1901/1901 1904/1904/1904
f 1908/1908/1908 1931/1931/1931 1932/1932/1932
f 1932/1932/1932 1905/1905/1905 1908/1908/1908
o Magical Hats Card_3_0_5_0
usemtl material_1
v 536.64905 -2173.91873 312.87417
v 883.64905 -2173.91873 312.87417
v 887.39905 -2173.91873 311.62417
v 888.64905 -2173.91873 307.87417
v 888.64905 -2173.91867 -219.12583
v 887.39905 -2173.91867 -222.87583
v 883.64905 -2173.91867 -224.12583
v 536.64905 -2173.91867 -224.12583
v 532.89905 -2173.91867 -222.87583
v 531.64905 -2173.91867 -219.12583
v 532.89905 -2173.91873 311.62417
v 531.64905 -2173.91873 307.87417
vt 0.01401 1.00000
vt 0.98599 1.00000
vt 0.99650 0.99767
vt 1.00000 0.99069
vt 1.00000 0.00931
vt 0.99650 0.00233
vt 0.98599 0.00000
vt 0.01401 0.00000
vt 0.00350 0.00233
vt 0.00000 0.00931
vt 0.00350 0.99767
vt 0.00000 0.99069
vn 0.0000 1.0000 0.0000
vn 0.0000 1.0000 0.0000
vn 0.0000 1.0000 0.0000
vn 0.0000 1.0000 0.0000
vn 0.0000 1.0000 0.0000
vn 0.0000 1.0000 0.0000
vn 0.0000 1.0000 0.0000
vn 0.0000 1.0000 0.0000
vn 0.0000 1.0000 0.0000
vn 0.0000 1.0000 0.0000
vn 0.0000 1.0000 0.0000
vn 0.0000 1.0000 0.0000
f 1933/1933/1933 1934/1934/1934 1935/1935/1935
f 1933/1933/1933 1935/1935/1935 1936/1936/1936
f 1936/1936/1936 1937/1937/1937 1938/1938/1938
f 1936/1936/1936 1938/1938/1938 1939/1939/1939
f 1933/1933/1933 1936/1936/1936 1939/1939/1939
f 1939/1939/1939 1940/1940/1940 1941/1941/1941
f 1939/1939/1939 1941/1941/1941 1942/1942/1942
f 1933/1933/1933 1939/1939/1939 1942/1942/1942
f 1943/1943/1943 1933/1933/1933 1942/1942/1942
f 1944/1944/1944 1943/1943/1943 1942/1942/1942
o Magical Hats Card_01 - Default_0_4_0
usemtl 01_-_Default_0
v 531.64905 -2174.91873 307.87417
v 531.64905 -2174.91867 -219.12583
v 532.89905 -2174.91867 -222.87583
v 536.64905 -2174.91867 -224.12583
v 883.64905 -2174.91867 -224.12583
v 887.39905 -2174.91867 -222.87583
v 888.64905 -2174.91867 -219.12583
v 888.64905 -2174.91873 307.87417
v 887.39905 -2174.91873 311.62417
v 883.64905 -2174.91873 312.87417
v 532.89905 -2174.91873 311.62417
v 536.64905 -2174.91873 312.87417
vt 1.00000 0.99069
vt 1.00000 0.00931
vt 0.99650 0.00233
vt 0.98599 0.00000
vt 0.01401 0.00000
vt 0.00350 0.00233
vt 0.00000 0.00931
vt 0.00000 0.99069
vt 0.00350 0.99767
vt 0.01401 1.00000
vt 0.99650 0.99767
vt 0.98599 1.00000
vn 0.0000 -1.0000 -0.0000
vn 0.0000 -1.0000 -0.0000
vn 0.0000 -1.0000 -0.0000
vn 0.0000 -1.0000 -0.0000
vn 0.0000 -1.0000 -0.0000
vn 0.0000 -1.0000 -0.0000
vn 0.0000 -1.0000 -0.0000
vn 0.0000 -1.0000 -0.0000
vn 0.0000 -1.0000 -0.0000
vn 0.0000 -1.0000 -0.0000
vn 0.0000 -1.0000 -0.0000
vn 0.0000 -1.0000 -0.0000
f 1945/1945/1945 1946/1946/1946 1947/1947/1947
f 1945/1945/1945 1947/1947/1947 1948/1948/1948
f 1948/1948/1948 1949/1949/1949 1950/1950/1950
f 1948/1948/1948 1950/1950/1950 1951/1951/1951
f 1945/1945/1945 1948/1948/1948 1951/1951/1951
f 1951/1951/1951 1952/1952/1952 1953/1953/1953
f 1951/1951/1951 1953/1953/1953 1954/1954/1954
f 1945/1945/1945 1951/1951/1951 1954/1954/1954
f 1955/1955/1955 1945/1945/1945 1954/1954/1954
f 1956/1956/1956 1955/1955/1955 1954/1954/1954
